BAIRRO,DRE,num_alunos
CIDADE TIRADENTES,G,505647
ITAIM PAULISTA,MP,294499
ITAQUERA,IQ,185588
JARDIM RODOLFO PIRANI,SM,181928
IPIRANGA,IP,171486
PARQUE BOA ESPERANCA,SM,162516
PARQUE MARIA HELENA,CL,162286
CIDADE ANTÔNIO ESTEVÃO DE CARVALHO,IQ,151282
JARDIM PERI,FO,145527
JARDIM DAS OLIVEIRAS,MP,138026
SANTANA,JT,131118
JARDIM SANTA LUCRECIA,PJ,130349
PARQUE SANTO ANTÔNIO,CL,129064
JARDIM PARQUE MORUMBI,CL,128395
JARDIM NOVO PARELHEIROS,CS,126696
JARDIM MIRIAM,SA,126138
JARDIM CATANDUVA,CL,125108
CHÁCARA SANTA MARIA,CL,125043
PARQUE REGINA,CL,124150
JARDIM CIDADE PIRITUBA,PJ,121203
LAJEADO,G,118889
PARQUE BRISTOL,IP,117741
JARDIM RINCAO,PJ,116783
BELA VISTA,IP,116406
JARDIM CAMARGO,MP,116206
JARDIM ESMERALDA,BT,112856
CONJUNTO HABITACIONAL BARRO BRANCO II,G,111154
GUAIANAZES,G,109028
AMERICANÓPOLIS,SA,108444
PARQUE NOVO MUNDO,JT,106629
JARDIM ANHANGÜERA,PJ,104239
GUAPIRA,JT,103326
CIDADE PATRIARCA,PE,102627
VILA FANTON,PJ,101908
CIDADE LIDER,IQ,101801
PIRAJUSSARA,CL,101421
JARAGUÁ,PJ,101392
VILA SABRINA,JT,101355
PARQUE CÍSPER,PE,100499
JARDIM HELENA,MP,99597
SANTO AMARO,SA,99549
LAUZANE PAULISTA,JT,96308
PARQUE PAULISTANO,MP,95583
CIDADE KEMEL,MP,95319
VILA SOUZA,PJ,94094
JARDIM CAMARGO NOVO,MP,93860
VILA LOURDES,G,92619
CONJUNTO HABITACIONAL TEOTONIO VILELA,SM,92416
CAMBUCI,IP,91283
VILA DO SOL,CL,90896
JABAQUARA,SA,90888
JARDIM BRASILIA,IQ,90421
VILA ITAIM,MP,90152
CASA VERDE ALTA,FO,89605
SÃO MIGUEL PAULISTA,MP,88182
COHAB INACIO MONTEIRO,G,87932
JARDIM DOM JOSÉ,CL,87714
GUAIANASES,G,87610
VILA MARIA ALTA,JT,87451
MOOCA,PE,84762
CONJUNTO PROMORAR RIO CLARO,SM,84437
CHÁCARA DONA OLÍVIA,MP,84381
VILA DO ENCONTRO,SA,83938
CIDADE LÍDER,IQ,83738
JARDIM CAMPINAS,CS,83507
PERUS,PJ,83266
JARDIM SAPOPEMBA,SM,83225
JARDIM ELEDY,CL,82899
JARDIM MODELO,CL,82115
JARDIM ARPOADOR,BT,81453
VILA DAS BELEZAS,CL,80322
JARDIM NOVO SANTO AMARO,CL,80092
JARDIM NAKAMURA,CL,79349
JARDIM NORDESTE,PE,79160
JARDIM PAULISTANO (ZONA NORTE),FO,78822
JARDIM CAMPOS,MP,78633
ERMELINO MATARAZZO,PE,78511
PARQUE BOA ESPERANÇA,SM,77579
PARAISÓPOLIS,CL,77517
JARDIM HELENA,G,77111
PARQUE DOM JOÃO NERI,MP,76479
JARDIM FLORESTA,CS,76016
CONJUNTO HABITACIONAL RECANTO DOS HUMILD,PJ,75712
CIDADE DUTRA,CS,74159
JARDIM FONTALIS,JT,73515
PARQUE BOLOGNE,CL,73327
CONJ HAB MARECHAL MASCARENHAS DE MORAI,SM,73086
VILA GUILHERME,JT,72284
VILA PENTEADO,FO,72179
JARDIM MARACANÃ,FO,72173
VILA NOVA CURUCA,G,71468
PARQUE MANDAQUI,JT,70378
JORDANÓPOLIS,CS,70183
JARDIM BRASIL,JT,70012
CONJUNTO HABITACIONAL SANTA ETELVINA II,G,69519
PARQUE GUARANI,IQ,69390
PARQUE DO ENGENHO,CL,69225
VILA SONIA,BT,69222
PARQUE PANAMERICANO,PJ,68617
INSTITUTO DE PREVIDENCIA,BT,68185
CONJUNTO HABITACIONAL SANTA ETELVINA III,G,67873
JARAGUA,PJ,67406
JARDIM OFELIA,SA,67405
JARDIM PAULO VI,BT,67014
CIDADE NOVA SAO MIGUEL,MP,66496
VILA LAGEADO,PJ,66424
JARDIM VISTA ALEGRE,FO,66240
JARDIM MAIA,MP,66220
PARQUE CASA DE PEDRA,JT,65766
JARDIM SIPRAMAR,CS,64528
PARQUE DOROTEIA,SA,64348
PARQUE ARARIBA,CL,63564
PARQUE BOTURUSSU,PE,62981
JARDIM EDI,CS,62846
JAGUARE,PJ,62790
VILA FORMOSA,IQ,62765
JARDIM LIBANO,PJ,62710
VILA GILDA,CL,62474
SÃO MATEUS,SM,62413
PARQUE CISPER,PE,62164
JARDIM SILVA TELES,MP,61708
PARQUE GRAJAU,CS,61386
CONJUNTO RESIDENCIAL JOSÉ BONIFÁCIO,IQ,61291
JARDIM PLANALTO,MP,61052
JARDIM SANTO ANDRÉ,SM,60843
JARDIM SARAH,BT,60361
JARDIM AMALIA,CL,60242
COHAB INSTITUTO ADVENTISTA,CL,60229
CAPAO REDONDO,CL,59917
JARDIM DA CONQUISTA,SM,59879
PARQUE EDU CHAVES,JT,59869
JARDIM TRES CORACOES,CS,59234
JARDIM GUARANI,FO,58988
JARDIM CÉLIA,MP,58761
VILA INÁCIO,PJ,58565
FAZENDA DA JUTA,SM,58561
JARDIM NOVE DE JULHO,SM,58454
SÃO JOÃO CLÍMACO,IP,58439
VILA MISSIONARIA,SA,58363
CONJUNTO PROMORAR RAPOSO TAVARES,BT,58281
VILA BRASILINA,IP,58220
VILA ANDRADE,CL,58075
CANTINHO DO CÉU,CS,57543
CONJUNTO PROMORAR ESTRADA DA PARADA,FO,57389
JARDIM SANTA MARGARIDA,CL,57185
JARDIM BOM REFUGIO,CL,57050
VILA MESQUITA,PE,56745
PARQUE DE TAIPAS,PJ,56719
PARQUE SAO DOMINGOS,PJ,56680
VILA INDEPENDÊNCIA,IP,56444
JARDIM PARANÁ,FO,56393
CHÁCARA DA ENSEADA,CL,56390
CONJUNTO HABITACIONAL JARDIM SÃO BENTO,CL,56381
VILA PEREIRA BARRETO,PJ,55706
SANTA ETELVINA II B,G,55562
VILA RUBI,CS,55557
JARDIM CLIMAX,IP,55401
JARDIM GUAIANAZES,G,55297
INTERLAGOS,CS,55192
PARQUE VILA MARIA,JT,55190
PARQUE PERUCHE,FO,55008
JARDIM SANTA FE,PJ,54280
TATUAPÉ,PE,54256
JARDIM PEDRA BRANCA,G,53794
JARDIM MARIA SAMPAIO,CL,53651
JARDIM DA PEDREIRA,SA,53485
VILA MATILDE,PE,53388
VILA MARINA,FO,53065
PARQUE SAO RAFAEL,SM,52794
VILA PERUS,PJ,52594
LIBERDADE,IP,52580
JARDIM SYDNEY,PJ,52545
CATUMBI,PE,52452
JARDIM HELENA,IQ,52376
JARDIM ROSELI,SM,52118
JARDIM MARTINICA,CL,52104
PARQUE MARIA FERNANDES,CS,52068
VILA BELA,IP,51867
RAPOSO TAVARES,BT,51857
PARQUE DOS BANCARIOS,SM,51785
CIDADE SATÉLITE SANTA BÁRBARA,SM,51739
JARDIM POPULAR,PE,51662
COLÔNIA (ZONA SUL),CS,51640
JARDIM MARILU,SM,51319
JARDIM DAS FLORES,CL,51157
SAO JOAO CLIMACO,IP,51065
JARDIM CASABLANCA,CL,50947
CANGAÍBA,PE,50692
JARDIM SÃO PEDRO,IQ,50511
JARDIM TIETE,SM,50467
VILA MARARI,SA,50165
CIDADE ADEMAR,SA,50134
JARDIM PEDRO JOSE NUNES,MP,50052
PARQUE DAS FLORES,SM,50049
PARQUE CRUZEIRO DO SUL,MP,49995
PARQUE COCAIA,CS,49920
JARDIM MONTE BELO,PJ,49389
PARQUE SANTO ANTÔNIO,IQ,49242
VILA MOREIRA,PE,48538
VILA MARA,MP,48412
JARDIM JOÃO XXIII,BT,48345
CIDADE IPAVA,CL,47929
VILA AIMORÉ,MP,47652
PARQUE SANTA RITA,MP,47340
VILA NOVA MANCHESTER,IQ,47264
CAXINGUI,BT,47105
VILA TERESINHA,FO,46842
PARQUE NOVO SANTO AMARO,CL,46645
CANINDE,PE,46527
REAL PARQUE,BT,46517
JARDIM ESTER,BT,46500
JARDIM DA CONQUISTA (ZONA OESTE),PJ,45992
JARDIM UBIRAJARA,SA,45723
COHAB JARDIM PAULISTANO,PJ,45604
CHACARA SANTA MARIA,CL,45587
PARQUE LIGIA,CL,45396
JARDIM MARIA ESTELA,IP,45263
VILA NHOCUNE,PE,45175
JARDIM IBIRAPUERA,CL,44811
BRASILÂNDIA,FO,44371
PARQUE DOS BANCÁRIOS,SM,44366
VELEIROS,CS,44360
JARDIM BARTIRA,MP,44127
PARQUE DO LAGO,CL,44104
BALNEARIO SAO FRANCISCO,SA,44012
JARDIM SÃO VICENTE,MP,43701
SAÚDE,IP,43622
VILA ELZE,IP,43524
JARDIM PLANALTO,SM,43451
CONJUNTO HABITACIONAL INACIO MONTEIRO,G,43428
CIDADE SATELITE SANTA BARBARA,SM,43389
JARDIM LAURA,MP,43359
JARDIM COIMBRA,PE,43151
VILA GUSTAVO,JT,43108
JARDIM SAO PEDRO,IQ,42837
AMERICANOPOLIS,SA,42711
CIDADE SÃO MATEUS,SM,42435
CONJUNTO HABITACIONAL BRIGADEIRO FARIA L,CS,42419
JARDIM PIRITUBA,PJ,42361
PARQUE COLONIAL,SM,42204
CONJUNTO PROMORAR SÃO LUIS,CL,42101
JARDIM ITAPURA,SA,42014
VILA ALEXANDRIA,SA,41891
VILA GUARANI,SA,41778
JARDIM BELCITO,CS,41493
VILA HELENA,MP,41314
JARDIM REGIS,CS,41030
VILA AMERICANA,MP,41027
BOM RETIRO,IP,40967
JARDIM SANTA TERESINHA,IQ,40909
VILA DALVA,BT,40783
VILA BARBOSA,FO,40730
JARDIM DA LARANJEIRA (ZONA LESTE),SM,40655
VILA PALMEIRAS,FO,40491
VILA JAGUARA,PJ,40420
PARQUE SANTO ANTONIO,CL,40378
JARDIM VIRGINIA BIANCA,JT,40346
PARQUE INDEPENDENCIA,CL,40343
JARDIM UMARIZAL,CL,40195
VILA MAZZEI,JT,40044
JARDIM MANGALOT,PJ,39962
JARDIM NICE,IQ,39909
SACOMÃ,IP,39882
JARDIM DOS FRANCOS,FO,39844
JARDIM MARIA LUIZA,SA,39778
JARDIM CORISCO,JT,39442
JARDIM COMERCIAL,CL,39257
JARDIM LOURDES,G,39257
CHÁCARA INGLESA,PJ,39214
JARDIM GUARUJÁ,CL,39163
VILA ISABEL,FO,38891
JARDIM ADUTORA,SM,38859
PARQUE DOS PRÍNCIPES,BT,38857
JARDIM IMPERADOR,SM,38846
PARQUE SANTA MADALENA,SM,38732
JARDIM ELISA MARIA,FO,38573
JARDIM DUPRAT,CL,38566
VILA SANTA MARIA,CS,38468
JARDIM NOSSA SENHORA DO CARMO,IQ,38347
VILA EMA,IP,38324
SÍTIO MORRO GRANDE,PJ,38309
QUINTA DA PAINEIRA,IP,38146
JARDIM IGUATEMI,SM,38086
JARDIM SANTA EMÍLIA,IP,38025
JARDIM ESTER YOLANDA,BT,37887
VILA GOMES CARDIM,PE,37843
PARQUE MARIA DOMITILA,PJ,37778
VILA LEOPOLDINA,PJ,37767
JARDIM PIRACUAMA,CL,37668
JARDIM JAQUELINE,BT,37653
JARDIM PAULISTANO ZONA NORTE,FO,37604
VILA PEDRA BRANCA,JT,37557
PARQUE RESIDENCIAL COCAIA,CS,37422
ACLIMACAO,IP,37392
JARDIM JAPÃO,JT,37333
PLANALTO PAULISTA,IP,37298
CIDADE NOVA HELIÓPOLIS,IP,37271
JARDIM MARÍLIA,IQ,37179
PARQUE YPE,BT,37089
VILA CAMPESTRE,SA,37050
VILA GOMES,BT,37037
VILA MADALENA,BT,36937
VILA IOLANDA,G,36794
CONJUNTO HABITACIONAL SITIO CONCEIÇÃO,G,36783
CONJ PROMORAR RIO CLARO,SM,36712
JARDIM PENHA,PE,36625
CONJUNTO HABITACIONAL INÁCIO MONTEIRO,G,36426
PARQUE SANTO EDUARDO,IQ,36010
JD PEDRO JOSE NUNES,MP,35984
JARDIM MARIANE,CL,35958
COHAB SANTA ETELVINA II A,G,35906
VILA NOVA CACHOEIRINHA,FO,35902
VILA NOVA CURUCA,MP,35899
PARQUE PRIMAVERA,SA,35809
JARDIM CELESTE,BT,35786
JARDIM FLOR DE MAIO,JT,35776
COHAB SANTA ETELVINA II B,IQ,35581
VILA PRINCESA ISABEL,G,35542
VILA DIONÍSIA,FO,35497
COHAB JUSCELINO,G,35360
JARDIM YARA,JT,35308
JARDIM NORONHA,CS,35144
VILA ALBA,BT,35100
JARDIM VALE DAS VIRTUDES,CL,34819
COHAB MARECHAL MASCARENHAS DE MORAIS,SM,34775
VILA PROGRESSO (ZONA LESTE),MP,34699
CAMPININHA,SA,34677
JARDIM FERNANDES,IQ,34608
JARDIM BRASIL (ZONA NORTE),JT,34569
JARDIM PLANALTO,CL,34528
JARDIM SANTO ELIAS,PJ,34476
VILA BANCARIA MUNHOZ,FO,34452
JARDIM JARAGUA,PJ,34406
VILA PROGRESSO,MP,34352
CHACARA SANTO ANTONIO,SA,34346
VILA MARIANA,IP,34288
JARDIM BOA VISTA,BT,34245
CONJUNTO CITY JARAGUA,PJ,34151
CONJUNTO HABITACIONAL CASTRO ALVES,G,34093
VILA PREL,CL,34052
GRANJA NOSSA SENHORA APARECIDA,CS,34047
JARDIM WILMA FLOR,G,34026
PARQUE SEVILHA,PE,33787
JARDIM BRITANIA,PJ,33662
VILA PRIMAVERA,SM,33513
JD.CONSORCIO,SA,33504
JARDIM HERCILIA,PE,33436
VILA NASCENTE,CS,33435
JARDIM SANTA FE,CS,33434
CIDADE SAO MATEUS,SM,33413
CONJUNTO HABITACIONAL TURÍSTICA,PJ,33320
JARDIM SÃO PAULO(ZONA LESTE),G,33204
VILA RICA,FO,33110
JARDIM FANGANIELLO,G,33096
JARDIM DA SAUDE,IP,32981
VILA ISOLINA MAZZEI,JT,32965
VILA PIERINA,PE,32851
JARDIM AUGUSTO,SM,32747
JARDIM SÃO ROBERTO,SM,32745
VILA CONSTANÇA,JT,32688
VILA SOUZA,FO,32592
CONJ RESIDENCIAL JOSE BONIFACIO,IQ,32581
JARDIM ROBRU,MP,32579
VILA DOS PALMARES,PJ,32569
CIDADE SAO FRANCISCO,BT,32526
JARDIM MIRAGAIA,MP,32302
VILA ARICANDUVA,IQ,32243
JARDIM MATARAZZO,MP,32229
VILA CARRÃO,IQ,32135
VILA DALILA,PE,31915
VILA PAULICEIA,JT,31551
PARQUE MONTEIRO SOARES,FO,31510
JARDIM SÃO CARLOS (ZONA LESTE),MP,31438
CIDADE TIRADENTES, G,31388
VILA LIVIERO,IP,31133
JARDIM GRIMALDI,SM,31005
VILA DOMITILA,PE,30931
COLONIA ZONA SUL,CS,30916
CIDADE DOMITILA,SA,30742
JARDIM ICARAÍ,CS,30550
PARQUE SAO LUCAS,IP,30550
COHAB TEOTONIO VILELA,SM,30511
CHÁCARA SANTANA,CL,30433
JARDIM BONFIGLIOLI,BT,30294
VILA BARUEL,FO,30099
JARDIM RUSSO,PJ,30086
JARDIM TEREZA,IP,30082
VILA GUACURI,SA,29892
JARDIM SABARA,SA,29835
JARDIM BEATRIZ,CS,29796
VILA CONSTANCA,JT,29785
JARDIM PERI,FB,29771
JD SAPOPEMBA,SM,29731
VILA PALMEIRAS,PJ,29675
VILA BOM JARDIM,CL,29502
VILA SANTA CATARINA,SA,29470
JARDIM MARILU,PJ,29356
COHAB MONET,CL,29263
VILA SÃO NICOLAU,IP,29261
JARDIM CELESTE,IP,29120
JARDIM ELBA,SM,29111
JARDIM SANTA ADELIA,SM,28990
LIMÃO,FO,28952
JARDIM TRES MARIAS,PE,28938
JARDIM SANTA FÉ (ZONA OESTE),PJ,28822
JARDIM DA CONQUISTA ZONA OESTE,PJ,28745
JARDIM SAO ROBERTO,SM,28691
LIMOEIRO,MP,28683
JARDIM MARISA,PJ,28584
VILA CORDEIRO,BT,28548
BALNEÁRIO SÃO FRANCISCO,SA,28541
VILA PROGRESSO ZONA LESTE,MP,28150
JARDIM MODELO,JT,28107
PARADA INGLESA,JT,28028
PARQUE SÃO LUÍS,FO,27814
JARDIM DA LARANJEIRA ZONA LESTE,SM,27774
VILA ISA,SA,27703
VILA VERDE,IQ,27696
CONJUNTO HABITACIONAL SITIO CONCEICAO,G,27666
JARDIM VERGUEIRO,CL,27414
JARDIM ÂNGELA (ZONA SUL),CL,27394
CIDADE NOVA HELIOPOLIS,IP,27377
JARDIM GUANABARA,CS,27358
JARDIM SÃO NICOLAU,PE,27248
PARQUE MARIA LUIZA,IQ,27235
VILA ROQUE,FO,27126
JARDIM SANTA ADÉLIA,SM,27079
JARDIM BANDEIRANTE,SM,27053
VILA AURORA,PJ,26889
VILA CLEMENTINO,IP,26846
MOINHO VELHO,IP,26832
JARDIM SAO PAULOZONA LESTE,G,26815
JARDIM AUREA,G,26806
JARDIM SAO JOSE,CL,26767
PARQUE TOMAS SARAIVA,IP,26728
VILA ANGELICA,FO,26653
JARDIM LUSO,SA,26633
VILA RIO BRANCO,PE,26512
COHAB CASTRO ALVES,G,26455
JARDIM ÁUREA,G,26429
JARDIM ANDARAI,JT,26416
VILA SAO GERALDO,G,26389
BELENZINHO,PE,26376
JARDIM ANGELA,SM,26203
VILA CARAGUATA,IP,26181
CAPELA DO SOCORRO,CS,26165
CAMPO BELO,SA,26141
JARDIM CAMPO LIMPO,CL,25896
JARDIM REIMBERG,CS,25884
JARDIM TRÊS MARIAS,SM,25883
SUMARE,PJ,25842
VILA RIBEIRO DE BARROS,PJ,25363
CIDADE MÃE DO CÉU,PE,25207
ÁGUA FRIA,JT,25194
CHACARA INGLESA,IP,25051
CHACARA SANTANA,CL,25051
JARDIM VILA FORMOSA,IQ,25012
JARDIM SANTANA,MP,24895
VILA INVERNADA,PE,24812
VILA BRASILANDIA,FO,24629
JARDIM PEDRO JOSÉ NUNES,MP,24624
JARDIM MITSUTANI,CL,24516
JARDIM BRASIL ZONA NORTE,JT,24466
JARDIM PALMARES,SA,24375
BUTANTÃ,BT,24289
PARQUE SANTA BARBARA,CL,24206
JARDIM DENISE,JT,24167
VILA ARCÁDIA,FO,24090
JARDIM ANA LUCIA,CS,23608
JARDIM MARINGÁ,PE,23569
VILA BRASILÂNDIA,PJ,23548
JARDIM SAO JANUARIO,CL,23530
PARQUE TAIPAS,PJ,23522
VILA ANADIR,IP,23426
VILA CURUCA,MP,23331
VILA LEONOR,JT,23270
JAGUARÉ,PJ,23210
JARDIM SATELITE,CS,23113
CONJUNTO HABITACIONAL PADRE JOSÉ DE ANCH,PE,23039
VILA UNIÃO (ZONA LESTE),PE,23028
PARADA XV DE NOVEMBRO,IQ,22920
ENGENHEIRO GOULART,PE,22898
PARQUE FERNANDA,CL,22798
ITAIM PAULISTA, MP,22750
ARTUR ALVIM,PE,22742
JARDIM TABOAO,BT,22646
CONJUNTO HABITACIONAL INSTITUTO ADVENTIS,CL,22363
SÍTIO MORRO GRANDE,FO,22253
JARDIM DAMASCENO,FO,22233
JARDIM SAO JOSE,PJ,22126
ACLIMAÇÃO,IP,22098
VILA NOVA CURUÇÁ,MP,22064
JARDIM PAULISTANO ZONA NORTE,FB,21954
JAÇANÃ,JT,21705
JARDIM SANTO ANDRE,SM,21447
VILA OLIMPIA,BT,21339
JARDIM MATARAZZO,PE,21282
PARQUE BRASIL,CS,21244
JARDIM PRINCESA,FO,21243
JARDIM SHANGRILÁ (ZONA NORTE),PJ,21144
RECANTO VERDE DO SOL,SM,20986
BRAS,PE,20970
JDCONSORCIO,SA,20940
CONJUNTO RESIDENCIAL ELISIO TEIXEIRA LEI,PJ,20771
JARDIM AEROPORTO,SA,20716
VILA NOVA PARADA,PJ,20688
CONJUNTO RESIDENCIAL PRESTES MAIA,G,20639
JARDIM SANTA TEREZINHA (ZONA LESTE),IQ,20600
VILA BUENOS AIRES,PE,20586
VILA CALU,CL,20466
CONJUNTO HABITACIONAL JARDIM SAO BENTO,CL,20360
JARDIM CLIPER,CS,20245
VILA SANTA ISABEL,IQ,20215
VILA CALIFORNIA,IP,20119
JARDIM SANTA FÉ (ZONA SUL),CS,20076
VILA MIRANTE,PJ,19973
VILA LIBANESA,PE,19929
JARDIM ELIANE,IQ,19807
JARDIM RINCÃO,PJ,19803
JARDIM CASA GRANDE,CS,19665
VILA BELA VISTA (ZONA NORTE),FO,19642
VILA ALBERTINA,FO,19547
JARDIM MORENO,G,19470
CONJUNTO HABITACIONAL JUSCELINO KUBITSCH,G,19298
PARQUE BOA ESPERANCA, SM,19268
VILA HOMERO,PJ,19227
VILA RÉ,PE,19124
BARRA FUNDA,IP,19077
JARDIM CAMARGO VELHO,MP,19045
ITABERABA,FO,18879
VILA JACUÍ,MP,18755
JARDIM VILA MARIANA,IP,18725
PARQUE INDEPENDÊNCIA,CL,18719
JARDIM AMARO,SM,18590
JARDIM SÃO LUÍS (ZONA LESTE),MP,18429
CHÁCARA SANTA ETELVINA,G,18393
JARDIM SAO CARLOS ZONA LESTE,MP,18321
JARDIM SANTA FE ZONA OESTE,PJ,18290
JARDIM SANTA LUCRÉCIA,PJ,18232
JARDIM PANORAMA (ZONA LESTE),IP,18110
JARDIM EDUCANDARIO,BT,17862
JARDIM CLARICE,CL,17774
JARDIM BANDEIRANTES (ZONA NORTE),PJ,17760
JARDIM SANTA MARIA,IQ,17544
JARDIM CAROMBÉ,FO,17543
VILA SANTA LÚCIA,CL,17450
JARDIM GUAIRACA,IP,17381
SOCORRO,CS,17316
JARDIM BATAGLIA,BT,17307
JARDIM ANGELA ZONA SUL,CL,17255
PARQUE NACOES UNIDAS,PJ,17209
COLONIA ZONA LESTE,IQ,17075
PARELHEIROS,CS,17060
JARDIM SILVEIRA,CS,17052
JD COLONIA,IQ,16968
VILA ZELINA,IP,16935
VILA ZAT,PJ,16866
CIDADE VARGAS,SA,16851
CONJ HABIT PADRE MANOEL DA NOBREGA,PE,16848
JARDIM JULIETA,JT,16562
TUCURUVI,JT,16488
CANTINHO DO CEU,CS,16471
JARDIM IRACEMA,CL,16330
JARDIM VARGINHA,CS,16248
VILA AMELIA,FO,16247
VILA MONUMENTO,IP,16212
VILA SANTA MARIA,FO,16204
CASA VERDE ALTA,FB,16198
JARDIM FIGUEIRA GRANDE,CL,16155
JARDIM CAROMBE,FO,16151
JARDIM CONSORCIO,SA,15950
VILA NINA,FO,15874
PARQUE AMERICA,CS,15781
VILA MARILENA,G,15730
PIRITUBA,PJ,15664
UMARIZAL,CL,15661
CIDADE LEONOR,SA,15584
ITAQUERA, IQ,15568
VILA LOURDES,MP,15568
VILA ANTONIETA,IQ,15468
CONJUNTO PROMORAR SAPOPEMBA,SM,15382
CONJUNTO HABITACIONAL A E CARVALHO,IQ,15263
PARQUE SÃO LUCAS,IP,15262
JARDIM KAGOHARA,CL,15259
VILA TAQUARI,IQ,15220
JARDIM PÉROLA I,G,15212
JARDIM PERI, FB,15098
JARDIM SOARES,G,14989
VILA EDE,JT,14924
VILA NATAL,CS,14781
VILA PENTEADO,FB,14780
JARDIM CENTENARIO,FO,14762
CONSOLACAO,IP,14713
PARQUE SÃO RAFAEL,SM,14713
JARDIM IRAPIRANGA,CL,14627
VILA MARIA BAIXA,JT,14599
JARDIM RODOLFO PIRANI, SM,14587
ITAIM,MP,14568
VILA UNIAO ZONA LESTE,PE,14430
JARDIM LAPENA,MP,14399
JARDIM HELENA,SM,14392
VILA CLARICE,PJ,14338
PARQUE ARTUR ALVIM,PE,14329
CONJUNTO PROMORAR SAO LUIS,CL,14275
JARDIM NÉLIA,MP,14254
JARDIM CONSÓRCIO,SA,14184
SANTA ETELVINA II,G,14125
JARDIM AMÁLIA,CL,14111
JARDIM MARACANÃ,FB,13982
VILA NIVI,JT,13950
CHACARA CRUZEIRO DO SUL,PE,13936
JARDIM ANA LÚCIA,CS,13896
VILA ESTER,SM,13851
LUZ,IP,13819
CONJUNTO CITY JARAGUÁ,PJ,13815
JARDIM PAPAI NOEL,CS,13754
VILA NILO,JT,13583
IPIRANGA, IP,13414
JARDIM VISTA ALEGRE,FB,13370
JARDIM SÃO FRANCISCO,SM,13351
BRÁS,PE,13339
PARQUE TIETE,FO,13299
COHAB SANTA ETELVINA II,G,13286
VILA SILVIA,PE,13260
JARDIM DAS CAMELIAS,MP,13226
JARDIM SHANGRILA ZONA NORTE,PJ,13215
JARDIM BOM REFÚGIO,CL,13205
VILA BANCÁRIA,SM,13180
JARDIM MYRNA,CS,13161
JARDIM SANTA FE ZONA SUL,CS,13050
JARDIM BRASÍLIA (ZONA LESTE),IQ,13027
VILA ALPINA,IP,12997
CONJUNTO HABITACIONAL JOVA RURAL,JT,12967
PARQUE MARIA HELENA, CL,12942
PERDIZES,PJ,12909
PARQUE SAVOY CITY,IQ,12840
PENHA DE FRANCA,PE,12832
JARDIM SANTA TEREZINHA ZONA LESTE,IQ,12831
VILA PIRAJUSSARA,CL,12808
VILA DIVA (ZONA LESTE),PE,12728
VILA PARANAGUÁ,PE,12728
VILA CHABILANDIA,G,12712
CONJUNTO HABITACIONAL FAZENDA DO CARMO,G,12676
VILA SIMONE,MP,12668
RECANTO CAMPO BELO,CS,12665
JARDIM PARQUE MORUMBI,BT,12596
MANDAQUI,JT,12564
PINHEIROS,BT,12545
PARAISÓPOLIS,BT,12376
CONJUNTO HABITACIONAL PADRE MANOEL DA NÓ,PE,12370
GLEBA DO PÊSSEGO,IQ,12363
JARDIM SÔNIA REGINA,CL,12174
JARDIM DAS OLIVEIRAS, MP,12078
ALTO DA LAPA,PJ,12075
JARDIM SANTA TEREZINHA (ZONA LESTE),G,12025
JARDIM SÃO JOSÉ,CL,12013
JARDIM MACEDÔNIA,CL,11979
PARQUE DAS PAINEIRAS,PE,11921
JARDIM BELÉM,PE,11863
BAIRRO DO LIMOEIRO,MP,11850
JARDIM PARQUE MORUMBI, CL,11846
JARDIM PANORAMA ZONA LESTE,IP,11840
BROOKLIN NOVO,SA,11713
JARDIM GUARANI,FB,11684
JARDIM UMUARAMA,CL,11635
CIDADE ANTÃ”NIO ESTEVÃƒO DE CARVALHO, IQ,11597
JARDIM SÃO BERNARDO,CS,11542
JARDIM SAO CARLOS,MP,11531
CAPÃO REDONDO,CL,11509
CASA VERDE,FO,11502
JARDIM MONTE ALEGRE,FO,11495
CAMPOS ELÍSEOS,IP,11466
VILA BABILÔNIA,SA,11385
ARTHUR ALVIM,PE,11340
VILA CARDOSO FRANCO,SM,11323
JARDIM ADELFIORE,PJ,11321
JARDIM RAPOSO TAVARES,BT,11271
JARDIM CACHOEIRA,FO,11176
JARDIM ARTUR ALVIM,PE,11170
JARDIM PRUDÊNCIA,SA,11157
JARDIM ETELVINA,G,11144
JARDIM SAO LUIS ZONA LESTE,MP,11115
JARDIM BANDEIRANTES ZONA NORTE,PJ,11100
CANGAIBA,PE,11073
JARDIM CECY,FO,11055
PARAÍSO DO MORUMBI,CL,11049
JARDIM COTINHA,PE,11046
VILA REGINA,IQ,11038
JARDIM RUBILENE,SA,10936
VILA ROMANA,PJ,10915
JARDIM NAZARETH,MP,10900
JARDIM D ABRIL,BT,10894
VILA SANTA INES,MP,10887
VILA NOVA ALBA,BT,10855
JARDIM SANTA TEREZINHA ZONA LESTE,G,10685
VILA NOVA UNIÃO,MP,10679
CHÁCARA NANI,CL,10654
JARDIM SAMARA,CL,10634
GUARAPIRANGA,CL,10633
JARDIM SAO SAVERIO,IP,10619
VILA SEABRA,MP,10608
JARDIM PAULISTANO ZONA NORTE, FB,10534
JARDIM ELIANA,CS,10533
CONJUNTO PROMORAR ESTRADA DA PARADA,FB,10390
JARDIM DRACENA,BT,10378
JARDIM ITACOLOMI,SA,10361
JARDIM JAPAO,JT,10361
CONJUNTO HABITACIONAL FAZENDA DO CARMO,IQ,10343
VILA COSMOPOLITA,G,10336
JARDIM DOS ALAMOS,CS,10335
PARQUE PERUCHE,FB,10192
JARDIM CATANDUVA, CL,10175
VILA CUNHA BUENO,SM,10174
PARQUE SONIA,MP,10140
VILA DA PAZ,CS,10130
CONJUNTO HABITACIONAL PADRE MANOEL DE PA,PE,10114
JARDIM MIRIAM, SA,10106
BRASILÂNDIA,FB,10092
SANTANA, JT,10073
PARQUE JABAQUARA,SA,10049
PARQUE GUAIANAZES,G,10022
JARDIM SANTA LUCRECIA, PJ,10017
JARDIM ORIENTAL,SA,9980
JARDIM MARILDA,CS,9977
PARQUE SANTO ANTÃ”NIO, CL,9970
VILA MARINA,FB,9940
JARDIM CAPELINHA,CL,9895
RIO BONITO,CS,9870
VILA CAROLINA,MP,9863
JARDIM CIDADE PIRITUBA, PJ,9821
JARDIM SANTA JOSEFINA,CL,9804
PARQUE IPÊ,CL,9781
CONJUNTO RESIDENCIAL JOSE BONIFACIO,IQ,9728
JARDIM IPANEMA,PJ,9724
JARDIM MONJOLO,FO,9706
PARQUE NAÇÕES UNIDAS,PJ,9706
CIDADE D ABRIL,PJ,9698
CIDADE JÚLIA,SA,9585
VILA PARQUE JABAQUARA,SA,9582
VILA GUILHERMINA,PE,9553
AMERICANÃ“POLIS, SA,9552
PARQUE REGINA, CL,9550
JARDIM ÂNGELA (ZONA LESTE),SM,9518
VILA CONSTANCIA,JT,9503
SAUDE,IP,9491
COLÔNIA (ZONA LESTE),IQ,9455
VILA BEATRIZ,PE,9399
VILA CARRAO,IQ,9377
JARDIM SÃO JOÃO (ZONA NORTE),JT,9375
VILA CURUÇÁ,MP,9320
JARDIM AURORA,G,9288
JARDIM DAS PEDRAS,JT,9248
VILA CALIFÓRNIA,IP,9222
JARDIM APURÁ,SA,9173
VILA SÍLVIA,PE,9138
JARDIM NOVO PARELHEIROS, CS,9123
JARDIM VERA CRUZZONA SUL,CL,9110
REPUBLICA,IP,9087
JARDIM RINCAO, PJ,9083
JARDIM ANTÁRTICA,FO,9053
VILA PRUDENTE,IP,9053
JARDIM NELIA,MP,9048
COHAB PADRE JOSE DE ANCHIETA,PE,9046
JARDIM KERALUX,PE,8961
JARDIM CAMARGO, MP,8926
JARDIM BRASILIA,CL,8905
PENHA DE FRANÇA,PE,8903
VILA RE,PE,8884
VILA TERESINHA,FB,8884
JARDIM SANTA TERESINHA,SA,8882
VILA AUREA,G,8873
VILA REMO,CL,8872
JARDIM ALMEIDA PRADO,CS,8853
JARDIM PEDRA BRANCA,IQ,8760
VILA RUI BARBOSA,PE,8750
LAJEADO, G,8739
JARDIM AURÉLIO,CL,8736
VILA MEDEIROS,JT,8731
JARDIM BRASILIA ZONA LESTE,IQ,8700
CIDADE KEMEL, MP,8667
JARDIM PARANÁ,FB,8648
JARDIM CAPELA,CL,8626
CONJ PROMORAR ESTRADA DA PARADA,FO,8602
PARQUE BRISTOL, IP,8591
BELA VISTA, IP,8589
JARDIM BOTUCATU,IP,8554
JARDIM CLÁUDIA,BT,8496
VILA DIONISIA,FO,8456
JARDIM DOS FRANCOS,FB,8451
TERCEIRA DIVISAO,SM,8450
GUAPIRA, JT,8449
CONJUNTO HABITACIONAL BARRO BRANCO II, G,8443
BALNEÁRIO MAR PAULISTA,SA,8442
JARDIM MARISTELA,FO,8405
PARQUE PAULISTANO, MP,8404
CHÃCARA SANTA MARIA, CL,8402
PARQUE NOVO MUNDO, JT,8402
RESIDENCIAL SOL NASCENTE,PJ,8386
CIDADE PATRIARCA, PE,8382
JARDIM TABOÃO,BT,8356
CONJUNTO HABITACIONAL ÁGUIA DE HAIA,IQ,8346
VILA SANTISTA,FO,8283
VILA CRUZEIRO,G,8261
JARDIM GUANHEMBU,CS,8255
QUARTA PARADA,PE,8243
VILA BARBOSA,FB,8240
VILA INÃCIO, PJ,8227
VILA SANTA TERESINHA,IQ,8207
JARDIM LIDIA,CL,8203
VILA MORAES,IP,8194
JARDIM GUARUJA,CL,8170
VILA BELA VISTA,FO,8162
CERQUEIRA CÉSAR,BT,8151
VILA FACHINI,SA,8129
VILA UNIAO,PE,8125
GUAIANAZES, G,8122
JARDIM HELGA,CL,8118
JARDIM SHANGRILA ZONA SUL,CS,8110
JARDIM JARAGUÁ,PJ,8109
VILA CARMOSINA,IQ,8107
JARDIM MARTINI,SA,8103
CASA VERDE ALTA, FB,8099
VILA IMPÉRIO,SA,8091
JARDIM HEBRON,JT,8079
JARDIM ANHANGÃœERA, PJ,8058
PARQUE BELEM,FO,7999
JARDIM LEÔNIDAS MOREIRA,CL,7991
JARDIM CAMARGO NOVO, MP,7963
RIO PEQUENO,BT,7958
VILA DIVA ZONA LESTE,PE,7955
VILA MISSIONÁRIA,SA,7944
JARDIM EDITH,CS,7943
VILA MARIA,JT,7929
JARDIM SAO JOAO ZONA NORTE,JT,7920
VILA SAO SILVESTRE,MP,7917
JARDIM DANFER,PE,7904
VILA DOM PEDRO II,JT,7904
VILA CLARA,SA,7895
COHAB SITIO CONCEICAO,G,7891
VILA HELIÓPOLIS,IP,7891
JARDIM NOVA TEREZA,PE,7865
JARDIM HELENA, MP,7854
VILA MANGALOT,PJ,7853
JARDIM SAO FRANCISCO,CL,7852
VILA NOVA CACHOEIRINHA,FB,7847
JARDIM CAMPO GRANDE,SA,7846
COHAB BARRO BRANCO II,G,7826
CIDADE LIDER, IQ,7815
JARDIM MIRIAM,MP,7812
VILA SABRINA, JT,7781
LAUZANE PAULISTA, JT,7743
JARDIM SOMARA,CS,7732
JARDIM REPUBLICA,CS,7722
SAO MIGUEL PAULISTA,MP,7702
JARDIM ALADIM,CS,7657
VILA DO ENCONTRO, SA,7645
PARQUE SANTA AMÉLIA,MP,7631
PARQUE TOMAZ SARAIVA,IP,7631
JARDIM KIOTO,CS,7628
SANTO AMARO, SA,7622
PARQUE IPE,CL,7619
JARDIM DOM JOSÃ‰, CL,7615
JARDIM ANGELA ZONA LESTE,SM,7600
VILA BELA VISTA ZONA NORTE,FO,7575
JARDIM IMBÉ,CL,7566
COHAB JARDIM SAO BENTO,CL,7553
VILA GUIOMAR,CL,7546
JARDIM SAO PAULO,JT,7540
VILA VITORIO MAZZEI,JT,7527
PARQUE DA VILA PRUDENTE,IP,7524
PIQUERI,PJ,7512
VILA ITAIM, MP,7504
VILA CONDE DO PINHAL,IP,7493
JARDIM ROMANO,MP,7462
VILA SÃO FRANCISCO,BT,7462
JARDIM SHANGRILÁ (ZONA SUL),CS,7419
VILA DORNA,JT,7414
JARDIM SOUZA,CL,7397
JARDIM ELISA MARIA,FB,7394
VILA PENTEADO, FB,7390
VILA ANGLO BRASILEIRA,PJ,7371
JARDIM SAO JOAQUIM,CL,7365
JARDIM MARIA VIRGINIA,CL,7356
VILA PALMEIRAS,FB,7351
JARDIM SAO GONCALO,SM,7342
INDIANÓPOLIS,IP,7315
JARDIM IRENE,G,7304
CONJUNTO HABITACIONAL TEOTONIO VILELA, SM,7286
VILA ANASTACIO,PJ,7280
JARDIM ESMERALDA, BT,7255
VILA CARIOCA,IP,7253
VILA SOUZA, PJ,7238
VILA LOURDES, G,7229
JARDIM NOVO SANTO AMARO, CL,7225
JARDIM LAJEADO,G,7213
CHACARA INGLESA,PJ,7208
VILA IOLANDA II,G,7208
VILA ISABEL,FB,7202
VILA ROSARIA,MP,7180
JARDIM DONA SINHÁ,SM,7179
VILA CUNHA BUENO,IP,7150
CAMBUCI, IP,7136
PERUS, PJ,7130
PARQUE SÃO MIGUEL,CS,7120
JARDIM VERA CRUZ,SM,7117
CHÁCARA BELENZINHO,IQ,7110
SANTA CECÍLIA,IP,7062
JARDIM LUCÉLIA,CS,7054
VILA INACIO,PJ,7040
CIDADE LÃDER, IQ,7036
SÍTIO DO MANDAQUI,FO,7031
VILA PAULISTANA,JT,7007
JARDIM MARACANÃƒ, FB,6991
RIVIERA PAULISTA,CL,6983
JARDIM REDIL,IQ,6975
JARDIM BANDEIRANTES,SA,6970
VILA FANTON, PJ,6958
JARDIM GONZAGA,PE,6954
JARDIM AMÉRICA DA PENHA,PE,6950
HIGIENÓPOLIS,IP,6948
LIMÃO,FB,6934
JARDIM PATENTE NOVO,IP,6929
JARDIM NAIR,MP,6926
JARDIM VIVAN,PJ,6913
PARQUE CÃSPER, PE,6912
JARDIM VERA CRUZ(ZONA LESTE),SM,6899
ITAIM BIBI,BT,6890
JARDIM ANDARAÍ,JT,6870
JARDIM CAMPINAS, CS,6860
CONJ PROMORAR SAPOPEMBA,SM,6838
JARDIM CATARINA,IQ,6825
VILA SÔNIA,BT,6798
COHAB INACIO MONTEIRO, G,6764
GUAIANASES, G,6751
JARDIM BRASILIA, IQ,6751
JARDIM SÃO JOAQUIM,CL,6734
PARQUE CRUZEIRO DO SUL,IQ,6734
JARDIM SANTA CRUZ (ZONA NORTE),FO,6719
JARDIM PÉROLA II,G,6699
VILA CONGONHAS,SA,6695
55,G,6688
TAIPAS,PJ,6675
JARDIM SUL SAO PAULO,SA,6669
VILA ORATÓRIO,PE,6669
VILA NAIR,IP,6658
SÃƒO MIGUEL PAULISTA, MP,6646
JARDIM SANTO ALBERTO,JT,6643
PARQUE IPÊ,BT,6642
VILA SOUZA,FB,6634
VILA FAZZEONI,CL,6613
COLONIA ZONA SUL, CS,6572
VILA FRIBURGO,CS,6565
MORRO DO ÍNDIO,CL,6556
SÍTIO DO PIQUERI,JT,6552
AGUA BRANCA,PJ,6547
JARDIM DAS CAMELIAS,CS,6500
MOOCA, PE,6486
VILA JOANIZA,SA,6480
JARDIM VISTA ALEGRE, FB,6477
PARAISÃ“POLIS, CL,6471
VILA DIONÍSIA,FB,6454
JARDIM TEREZA,FO,6444
JARDIM NORDESTE, PE,6421
VILA CRISTO REI,FO,6413
JARDIM TIETÊ,SM,6390
CONJ JOSE BONIFACIO,IQ,6383
VILA PIAUI,PJ,6324
CONJUNTO HABITACIONAL SANTA ETELVINA III, G,6316
JARDIM ARPOADOR, BT,6311
JARDIM SAO BERNARDO,CS,6272
VILA BANCARIA MUNHOZ,FB,6264
VILA SANTO ESTÉFANO,IP,6264
JARDIM NAKAMURA, CL,6243
JARDIM BONITO,CS,6227
JARDIM MIRIAM,G,6222
JARDIM SANTA BÁBARA,SM,6214
VILA MASCOTE,SA,6191
JARDIM CAMPOS, MP,6189
PIRAJUSSARA, CL,6182
JARDIM PIRATININGA,PE,6176
PARI,PE,6143
JARDIM TUA,MP,6110
PARQUE COLONIAL,CS,6110
JARDIM SÃO JORGE,BT,6095
JARDIM IVANA,BT,6090
JARDIM VILA CARRAO,SM,6082
JARDIM TRUSSARDI,BT,6077
JARDIM MELIUNAS,MP,6071
PARQUE ALVES DE LIMA,CL,6067
ERMELINO MATARAZZO, PE,6062
JARDIM SÃO BENTO NOVO,CL,6054
JARDIM DA CONQUISTA (ZONA LESTE),SM,6034
JARDIM CAMARGO NOVO,G,6032
VILA RICA,FB,6020
VILA DAS MERCÊS,IP,6013
JARDIM DAS ESMERALDAS,BT,5993
JARDIM OLYMPIA,BT,5989
JARDIM ANGELA,CL,5980
VILA DANUBIO AZUL,MP,5967
VILA CONSTANCA, JT,5957
VILA BARUEL,FB,5954
PARQUE PANAMERICANO, PJ,5926
VILA ANTÔNIO,BT,5919
JARDIM SÃO PEDRO (ZONA SUL),CS,5916
JARDIM SAO VICENTE,MP,5915
VILA MARIA ALTA, JT,5911
PARQUE GUARANI, IQ,5891
PARQUE DOM JOÃƒO NERI, MP,5883
JARDIM FLORESTA, CS,5876
VILA MINERVA,G,5876
CONJUNTO HABITACIONAL SANTA ETELVINA II, G,5867
JARDIM SÃO SAVÉRIO,IP,5866
JARDIM LUCIA,BT,5850
VILA DO SOL, CL,5850
JARDIM GUARANI, FB,5842
JARDIM CASTRO ALVES,CS,5839
VILA DOM PEDRO I,IP,5837
VILA MOINHO VELHO,IP,5833
CONJUNTO HABITACIONAL RECANTO DOS HUMILD, PJ,5824
VILA GUILHERME, JT,5820
VILA PAULISTA I,G,5810
JARDIM SORAIA,CL,5808
CIDADE MONCOES,BT,5805
JARDIM SANTO ANDRÃ‰, SM,5805
VILA PAULISTANIA,PE,5798
CHÁCARA MAFALDA,IQ,5779
PARQUE AMÉRICA,CS,5777
VILA GUMERCINDO,IP,5772
VILA ESPERANÇA,PE,5751
JARDIM DA CONQUISTA ZONA OESTE, PJ,5749
JARDIM AVELINO,IP,5736
JARDIM LEONOR MENDES DE BARROS,JT,5716
CONJUNTO PROMORAR RIO CLARO, SM,5698
BARRO BRANCO (ZONA NORTE),JT,5696
JARDIM IDEAL,CS,5694
JARDIM PLANALTO, MP,5694
VILA NOVA CURUCA, G,5686
JARDIM SANTA CRUZ ZONA NORTE,FO,5661
JARDIM FONTALIS, JT,5655
JARDIM SÃO LUÍS,CL,5654
PARQUE SÃO LUÍS,FB,5636
JARDIM AURORA ZONA LESTE,G,5631
VILA PROGRESSO ZONA LESTE, MP,5630
JARDIM COIMBRA,CL,5623
CONJ HAB MARECHAL MASCARENHAS DE MORAI, SM,5622
FAZENDA MORUMBI,CL,5592
JARDIM ALMEIDA,CS,5583
PARQUE BOTURUSSU, PE,5566
ELDORADO,SA,5555
JARDIM MARQUESA,CL,5553
JARDIM GERMÂNIA,CL,5549
JARDIM ROSINHA,PJ,5540
JARDIM EVA,MP,5538
PARQUE MANDAQUI, JT,5520
CIDADE MAE DO CEU,PE,5512
VILA ROSEIRA II,G,5512
JARDIM CAROLINA,MP,5503
JARDIM NOVE DE JULHO, SM,5503
CIDADE DUTRA, CS,5502
INSTITUTO DE PREVIDÊNCIA,BT,5474
VILA JUREMA,MP,5458
JARDIM SILVA TELES, MP,5434
JORDANÃ“POLIS, CS,5387
CHACARA SANTO ANTONIO,IQ,5382
JARDIM SANTA TERESINHA,CS,5382
VILA SANTA CRUZ (ZONA LESTE),G,5376
PARQUE BOLOGNE, CL,5374
PARAISOPOLIS,BT,5364
CHÁCARA MAFALDA,PE,5362
JARDIM AURORA (ZONA LESTE),G,5361
ALTO DA RIVIERA,CL,5354
JARDIM BRASIL, JT,5352
JARDIM DA CONQUISTA ZONA LESTE,SM,5340
PARQUE DO ENGENHO, CL,5325
JARDIM CENTENÁRIO,FO,5324
JARDIM IMPERADOR ZONA LESTE,SM,5320
VILA SÃO FRANCISCO (ZONA LESTE),PE,5314
VILA INGLESA,SA,5310
VILA FORMOSA, IQ,5297
VILA CAMPANELA,IQ,5296
JARDIM CRISTAL,CS,5291
VILA LÚCIA,IP,5288
PARQUE ALTO DO RIO BONITO,CS,5278
PARQUE MONTEIRO SOARES,FB,5278
CONJUNTO RESIDENCIAL JOSÃ‰ BONIFÃCIO, IQ,5275
JARDIM JOAMAR,JT,5275
VILA SIQUEIRA (ZONA NORTE),FO,5272
VILA CONSTANÇA,SA,5269
JARAGUÃ, PJ,5265
PARQUE GUAIANASES,G,5265
JARDIM MAIA, MP,5263
BURGO PAULISTA,PE,5262
PARQUE DO LAGO, CL,5259
JARDIM VERA CRUZZONA LESTE,SM,5255
INSTITUTO DE PREVIDENCIA, BT,5245
CARANDIRU,JT,5239
JARDIM ITAPEMA,IQ,5239
CIDADE IPAVA, CL,5228
CONJUNTO PROMORAR ESTRADA DA PARADA, FB,5195
PARQUE SÃO DOMINGOS,PJ,5186
JARDIM OFELIA, SA,5185
FERREIRA,BT,5184
JARAGUA, PJ,5176
JARDIM NORMA,IQ,5173
VILA LAGEADO, PJ,5165
CONJ HABIT JUSCELINO KUBITSCHEK,G,5161
JARDIM PEDREIRA,SA,5161
JARDIM BELCITO, CS,5152
JARDIM RIZZO,BT,5148
JARDIM HELENA, G,5145
JARDIM SUL SÃO PAULO,SA,5130
PARQUE DOROTEIA, SA,5126
JACANA,JT,5125
PEDREIRA,SA,5113
PARQUE PERUCHE, FB,5096
CIDADE NOVA SAO MIGUEL, MP,5094
JARDIM BRASIL ZONA NORTE, JT,5090
PARQUE CASA DE PEDRA, JT,5088
VILA BAUAB,PE,5088
JARDIM SAPOPEMBA, SM,5085
VILA VITÓRIO MAZZEI,JT,5083
PARQUE ARARIBA, CL,5060
PARQUE FONGARO,IP,5060
JARDIM ELEDY, CL,5052
VILA ANDRADE, CL,5051
VILA BELA VISTA ZONA NORTE,FB,5050
JARDIM EDI, CS,5049
JARDIM MONTE AZUL,CL,5049
JARDIM BANDEIRANTE (SÃO RAFAEL),SM,5048
BRASILÃ‚NDIA, FB,5046
CONJUNTO HABITACIONAL SITIO CONCEICAO, G,5042
PARQUE GUARANI,MP,5005
VALO VELHO,CL,5005
VILA SONIA, BT,4998
VILA MARINA, FB,4970
JARDIM OLINDA,CL,4969
CONJUNTO PROMORAR VILA MARIA III,JT,4966
JARDIM SÃO JORGE (RAPOSO TAVARES),BT,4954
VILA GILDA, CL,4946
JARDIM DAMASCENO,FB,4938
JARDIM SAO PAULOZONA LESTE, G,4934
VILA ROQUE,FB,4932
JARDIM GUARUJÃ, CL,4929
BOSQUE DA SAÚDE,IP,4928
JARDIM DO CAMPO,G,4927
JARDIM SAO RAFAEL,CS,4927
CAPÃO DO EMBIRA,IQ,4915
JARDIM SAO JORGE RAPOSO TAVARES,BT,4885
CIDADE SATÃ‰LITE SANTA BÃRBARA, SM,4878
JARDIM COLONIAL,CS,4877
CHÃCARA DA ENSEADA, CL,4876
IMIRIM,JT,4849
VILA ANGELICA,FB,4846
JABAQUARA, SA,4843
VILA REGENTE FEIJÓ,PE,4837
JAGUARE, PJ,4827
FREGUESIA DO O,FO,4826
JD SAO SAVERIO,IP,4823
VILA BRASILINA, IP,4819
VILA BASILEIA,JT,4810
JARDIM LIBANO, PJ,4808
JARDIM GUANCA,JT,4801
SÃƒO MATEUS, SM,4801
VILA PERUS, PJ,4796
VILA BUARQUE,IP,4795
VILA SILVA TELES,MP,4786
JD ROBRU,MP,4784
JARDIM TRES CORACOES, CS,4768
PARQUE CISPER, PE,4766
VILA DOS REMEDIOS,PJ,4748
VILA NOVA GALVAO,JT,4744
JARDIM SIPRAMAR, CS,4738
CHACARA SAO JOAO,PJ,4732
PARQUE GRAJAU, CS,4722
FAZENDA DA JUTA, SM,4705
TREMEMBÉ,JT,4702
VILA CAMPANELLA,IQ,4696
JARDIM MARILIA,IQ,4693
JARDIM SAO MARTINHO,MP,4689
JARDIM SARAH, BT,4683
JARDIM MODELO, CL,4678
JARDIM DA LARANJEIRA ZONA LESTE, SM,4660
PARQUE SANTO AMARO,CL,4646
JARDIM MIRANTE,CL,4642
JARDIM AMALIA, CL,4634
COHAB INSTITUTO ADVENTISTA, CL,4633
JARDIM DAS IMBUIAS,CS,4626
CHÃCARA DONA OLÃVIA, MP,4623
HIGIENOPOLIS,IP,4622
CIDADE SÃƒO MATEUS, SM,4617
ENGENHEIRO MARSILAC,CS,4616
CAPAO REDONDO, CL,4609
ACLIMACAO, IP,4600
JARDIM ELZA,MP,4589
JARDIM CENTENÁRIO,G,4587
JARDIM DA PEDREIRA, SA,4587
VILA NOVA CURUCA, MP,4583
JARDIM UBIRAJARA ZONA SUL,SA,4571
JARDIM GUAIANAZES, G,4569
JARDIM LISBOA,PE,4563
VILA ROBERTINA,PE,4561
JARDIM DA CONQUISTA, SM,4543
JARDIM ESTRELA DALVA,JT,4543
MORADA DO SOL,PJ,4537
VILA DAS BELEZAS, CL,4534
JARDIM CASABLANCA, CL,4533
VILA LAGEADO,BT,4524
PARQUE EDU CHAVES, JT,4518
CHÁCARA SÃO SILVESTRE,CS,4511
VILA MIRIAM,PJ,4511
PARADA XV DE NOVEMBRO,G,4510
CONJUNTO PROMORAR RAPOSO TAVARES, BT,4509
SE,IP,4498
VILA MISSIONARIA, SA,4494
PACAEMBU,IP,4491
PARQUE DAS CEREJEIRAS,CL,4488
JARDIM PERI,JT,4487
VILA BRASILANDIA,FB,4478
JARDIM ALMANARA,FO,4477
JARDIM PRINCESA,FB,4468
VILA INDEPENDÃŠNCIA, IP,4460
BARRO BRANCO,G,4459
JARDIM DAS GRACAS,FO,4453
LIMOEIRO,IQ,4446
VILA CHUCA,IQ,4446
JARDIM SAO JOAO JARAGUA,PJ,4435
JARDIM DAS VERTENTES,BT,4433
VILA CENTENÁRIO,PE,4433
JARDIM SANTA MARGARIDA, CL,4425
JARDIM VERGUEIRO,IP,4416
JARDIM MARABÁ,IQ,4390
VILA MARIETA,PE,4381
VILA ARCÁDIA,FB,4380
CONJUNTO PROMORAR SÃƒO LUIS, CL,4375
SACOMÃƒ, IP,4369
SÍTIO CARAGUATA,IP,4368
VILA MATILDE, PE,4368
JARDIM BOM REFUGIO, CL,4366
VILA MESQUITA, PE,4365
PARQUE DE TAIPAS, PJ,4363
PARQUE SAO DOMINGOS, PJ,4360
CUPECÊ,SA,4355
JD SILVEIRA,CS,4355
SÍTIO ITABERABA I,PJ,4350
JARDIM MARIA FERNANDES,CS,4339
PARQUE MARIA FERNANDES, CS,4339
CONJUNTO HABITACIONAL JARDIM SÃƒO BENTO, CL,4337
VILA PEREIRA BARRETO, PJ,4337
JARDIM PEREIRA LEITE,FO,4334
MORUMBI,BT,4333
SICILIANO,PJ,4330
JARDIM PARANÃ, FB,4324
VILA BELA, IP,4319
PARQUE SAVOI CITY,IQ,4314
VILA JARAGUÁ,PJ,4291
VILA AGUA FUNDA,IP,4290
VILA POMPÉIA,PJ,4277
SANTA ETELVINA II B, G,4274
VILA AURORA, PJ,4274
LIBERDADE, IP,4270
JARDIM SAO BENEDITO,CS,4264
JARDIM NOVO HORIZONTE,CS,4255
TATUAPÃ‰, PE,4252
JARDIM DAS LARANJEIRAS,SM,4251
JARDIM CLIMAX, IP,4243
ALTOS DE VILA PRUDENTE,SM,4238
JARDIM ARANTES,SM,4238
VILA NOVA MAZZEI,JT,4234
JARDIM JARAGUA ITAIM PAULISTA,MP,4215
JARDIM VISTA LINDA,PJ,4214
PARQUE ITABERABA,FO,4214
JARDIM ANGELINA,CS,4212
SAÃšDE, IP,4212
JARDIM PAULO VI, BT,4209
PARQUE DO MORUMBI,CL,4208
JARDIM HELENA, IQ,4202
RECANTO MARISA,CS,4200
VILA CALIFORNIA,CS,4199
JDCONSORCIO, SA,4188
CHACARA TATUAPE,PE,4186
JARDIM PRUDENCIA,SA,4186
ITABERABA,FB,4164
JARDIM SAO PAULO,G,4160
PARQUE NOVO GRAJAÚ,CS,4160
JARDIM ARACATI,CL,4159
VILA TERESINHA, FB,4159
JARDIM UBIRAJARA (ZONA SUL),SA,4148
CATUMBI, PE,4140
JARDIM SANTA FE, PJ,4140
JARDIM PEDRA BRANCA, G,4138
CONJ HABIT BRIGADEIRO FARIA LIMA,CS,4134
CANTINHO DO CÃ‰U, CS,4133
JARDIM MARIA SAMPAIO, CL,4127
PARQUE RESIDENCIAL COCAIA, CS,4123
JARDIM MARIA RITA,CS,4121
VILA BARBOSA, FB,4120
VILA LAÍS,PE,4116
MIRANDOPOLIS,IP,4114
SUMAREZINHO,BT,4108
MOÓCA,PE,4099
VILA BONILHA,PJ,4095
JARDIM MARILU, SM,4089
CONSOLAÇÃO,IP,4088
CIDADE A E CARVALHO,PE,4082
PARQUE VILA MARIA, JT,4082
JARDIM VERÔNIA,PE,4069
PQ BRISTOL,IP,4069
JARDIM POPULAR, PE,4065
VILA POLOPOLI,BT,4056
JARDIM SYDNEY, PJ,4055
JARDIM DAS FLORES, CL,4051
CHÁCARA FLÓRIDA,CL,4047
SÍTIO MORRO GRANDE,FB,4046
JARDIM SAO JOSE,CS,4043
JARDIM ROSELI, SM,4032
CONJ RESID ELISIO TEIXEIRA LEITE,PJ,4030
LAPA DE BAIXO,PJ,4030
MARANHÃO,PE,4030
JARDIM ESTER, BT,4029
FAZENDA MORUMBI,BT,4026
CUPECE,SA,4017
JARDIM RECORD,IQ,4017
VILA ANTONIO,BT,4017
JARDIM SÃƒO PEDRO, IQ,4016
PARAÍSO,IP,4016
EMBURA,CS,4008
JARDIM MARTINICA, CL,4008
CANGAÃBA, PE,4006
SÍTIO DO MORRO,FO,3993
VILA SÃO FRANCISCO,PE,3991
RAPOSO TAVARES, BT,3989
PARQUE SAO RAFAEL, SM,3987
PARQUE DAS FLORES, SM,3964
VILA HORTÊNCIA,G,3960
PARQUE DOS BANCARIOS, SM,3959
PARQUE SANTA RITA, MP,3956
VILA AIMORE,MP,3952
JARDIM PRIMAVERA,FO,3938
VILA NOVA CACHOEIRINHA, FB,3936
JARDIM THOMAZ,CL,3935
MOOCA,IP,3930
PARQUE DOM JOAO NERI,MP,3926
CONJ HABIT VILA NOVA CACHOEIRINHA,FO,3916
JARDIM JAPÃƒO, JT,3902
JARDIM RUTH,MP,3900
VILA NOVA PERUS,PJ,3900
JARDIM SÃO FRANCISCO (ZONA LESTE),PE,3896
PARQUE NOVO SANTO AMARO, CL,3893
CIDADE ADEMAR, SA,3888
CIDADE CENTENARIO,SM,3887
JARDIM JOÃƒO XXIII, BT,3877
PARQUE CRUZEIRO DO SUL, MP,3877
VILA ANDRADE,BT,3874
VILA EUTHALIA,PE,3874
VILA FRANCA,CL,3850
JARDIM SABARÁ,SA,3848
JARDIM MONTE BELO, PJ,3840
CHACARA MAFALDA,PE,3835
JARDIM ARIZE,IQ,3830
VILA MARARI, SA,3829
JARDIM PEDRO JOSE NUNES, MP,3828
PARQUE SANTA AMELIA,MP,3825
PARQUE COCAIA, CS,3824
VILA PALMEIRAS, FB,3823
GUAIAUNA,PE,3822
JARDIM SERTÃOZINHO,CS,3809
VILA GRACIOSA,PE,3809
VILA CONSTANCA,SA,3805
JARDIM HEBROM,FO,3800
VILA SANTA TERESA ZONA LESTE,PE,3800
VILA RUBI, CS,3795
REAL PARQUE, BT,3786
PARQUE INDEPENDENCIA, CL,3784
JARDIM ANHANGUERA,SA,3783
JARDIM BARTIRA, MP,3781
JARDIM SELMA,SA,3776
JARDIM SANTA CRUZ ZONA NORTE,FB,3774
INTERLAGOS, CS,3770
VILA AIMORÃ‰, MP,3770
JARDIM PIRITUBA, PJ,3766
JARDIM CÃ‰LIA, MP,3754
VILA NOVA MANCHESTER, IQ,3748
VILA BUTANTÃ,BT,3734
VILA MARA, MP,3724
CONJUNTO HABITACIONAL TURÃSTICA, PJ,3713
JARDIM IGUATEMI, SM,3712
JARDIM ROSANA,CL,3705
JARDIM ELISA MARIA, FB,3697
JARDIM MARIA LUIZA, SA,3689
JARDIM MONTE VERDE,CS,3683
JARDIM SÃO JOÃO (JARAGUÁ),PJ,3682
JARDIM IBIRAPUERA, CL,3671
JARDIM SANTA FE ZONA OESTE, PJ,3658
JARDIM DAS CAMÉLIAS,MP,3651
JARDIM MARIA ESTELA, IP,3641
BALNEÁRIO SÃO JOSÉ,CS,3640
VILA SOCORRO,CS,3640
JARDIM NOSSA SENHORA DO CARMO, IQ,3618
JARDIM CAROMBÉ,FB,3612
PARQUE COLONIAL, SM,3612
CAXINGUI, BT,3611
VILA ISABEL, FB,3601
JARDIM BRASÍLIA (ZONA NORTE),FO,3590
PARQUE DOS BANCÃRIOS, SM,3580
CANINDE, PE,3579
JARDIM BELA VISTA (ZONA SUL),CS,3576
JARDIM LAURA, MP,3571
CONJUNTO RESIDENCIAL VISTA VERDE,PJ,3564
JARDIM VERA CRUZ(ZONA SUL),CL,3561
BARRO BRANCO ZONA NORTE,JT,3560
JARDIM DOS FRANCOS, FB,3560
VILA SANTANA,PE,3552
VILA NHOCUNE, PE,3551
VILA MARCELO,CS,3544
JARDIM ALVORADA,BT,3536
JARDIM CAGUASSU,IQ,3536
JARDIM IVA,SM,3525
JARDIM SAO PEDRO ZONA SUL,CS,3514
JARDIM AUGUSTA,G,3510
COHAB JARDIM PAULISTANO, PJ,3508
JARDIM NOEMIA,MP,3504
JARDIM TUPI,CL,3503
SÉ,IP,3497
PARQUE LIGIA, CL,3492
JARDIM UBIRAJARA, SA,3491
CHACARA SANTA MARIA, CL,3489
JARDIM SAO CARLOS,G,3484
PARQUE SAO JORGE,PE,3471
LIMÃƒO, FB,3467
SACOMA,IP,3457
JARDIM PLANALTO, SM,3453
JARDIM ANGELA ZONA SUL, CL,3451
VELEIROS, CS,3451
JARDIM COLOMBO,BT,3439
JARDIM ÍRIS,PJ,3433
JARDIM STO ANDRE,SM,3432
JARDIM PAULISTANO,FO,3421
VILA ESPERANCA,PE,3421
VILA NORMA,MP,3418
COLONIA ZONA LESTE, IQ,3415
JARDIM IPANEMA ZONA OESTE,PJ,3415
JARDIM ITAPEMIRIM,IQ,3406
VILA INAH,BT,3383
VILA SANTA MARIA,FB,3379
VILA ALBERTINA,FB,3370
BORORE,CS,3368
CAMPOS ELISEOS,IP,3367
VILA FÁTIMA,SM,3367
VILA NOVA YORK,IQ,3367
VILA SANTA CRUZ ZONA LESTE,G,3360
BALNEARIO SAO FRANCISCO, SA,3357
JARDIM UMARIZAL, CL,3355
VILA GUSTAVO, JT,3354
VILA IPOJUCA,PJ,3354
VILA ELZE, IP,3348
VILA MOREIRA, PE,3333
CHÁCARA CRUZEIRO DO SUL,PE,3332
CIDADE SATELITE SANTA BARBARA, SM,3331
CONJUNTO HABITACIONAL INACIO MONTEIRO, G,3328
JARDIM PANORAMA D OESTE,BT,3328
VILA ODETE,G,3328
JARDIM JARAGUÁ (ITAIM PAULISTA),MP,3320
JARDIM ANA ROSA,SM,3318
VILA SOUZA, FB,3317
VILA ALBANO,BT,3312
CIDADE NITRO OPERARIA,MP,3302
JARDIM LOURDES, G,3290
JARDIM CAMBARA,BT,3289
JARDIM MARILIZA,FO,3289
PARQUE SANTA MADALENA, SM,3288
CONJUNTO HABITACIONAL BRIGADEIRO FARIA L, CS,3280
VILA CONSTÂNCIA,PE,3276
LIMOEIRO, MP,3268
VILA DALVA, BT,3268
VILA ARICANDUVA,PE,3246
JARDIM SÃƒO VICENTE, MP,3245
JARDIM JUSSARA,BT,3244
VILA SAO FRANCISCO ZONA LESTE,PE,3235
CHÁCARA SANTO HUBERTUS,CS,3234
JARDIM ITAPURA, SA,3234
VILA ALEXANDRIA, SA,3232
JARDIM SANTO ANTONIO,MP,3231
VILA DIONÃSIA, FB,3227
VILA GUARANI, SA,3224
JARDIM PENHA, PE,3215
VILA SANTA MARIA, CS,3213
PARQUE SANTO ANTÃ”NIO, IQ,3204
JARDIM COIMBRA, PE,3202
JARDIM BOA VISTA (ZONA OESTE),BT,3201
JARDIM ROSSIN,FO,3201
JARDIM SANTA MONICA,PJ,3198
JARDIM SANTA TERESINHA,G,3198
JARDIM VIRGINIA BIANCA, JT,3198
PARQUE SONIA,CL,3198
PRAIA DO LEBLON,SA,3198
JARDIM AMPLIACAO,CL,3188
QUINTA DA PAINEIRA, IP,3188
AMERICANOPOLIS, SA,3181
VILA HELENA, MP,3178
VILA NINA,FB,3178
JARDIM SAO PEDRO, IQ,3174
JARDIM NICE, IQ,3169
JARDIM JAQUELINE, BT,3166
JARDIM MARÃLIA, IQ,3163
JARDIM PIRACUAMA, CL,3145
VILA AMERICANA, MP,3140
VILA CELESTE,FO,3140
VILA JAGUARA, PJ,3135
VILA BANCARIA MUNHOZ, FB,3132
JARDIM ROBRU, MP,3130
VILA INDUSTRIAL,IP,3130
SÃƒO JOÃƒO CLÃMACO, IP,3126
VILA LUCIA,IP,3120
JARDIM FRATERNIDADE,CL,3111
VILA MAZZEI, JT,3109
JARDIM HELIAN,IQ,3108
PARQUE SANTO ANTONIO, CL,3106
VILA LEOPOLDINA, PJ,3100
BALNEARIO MAR PAULISTA,SA,3097
JARDIM ROSA MARIA,CL,3094
JARDIM REGIS, CS,3087
VILA SANTA LUCIA,CL,3085
JARDIM CRISTÁLIA,CL,3084
BOM RETIRO, IP,3080
CHACARA SANTO ANTONIO ZONA LESTE,IQ,3075
JARDIM MANGALOT, PJ,3074
VILA BERTIOGA,PE,3073
CHÁCARA SANTO ANTÔNIO (ZONA LESTE),IQ,3072
SÃTIO MORRO GRANDE, PJ,3069
JARDIM DUPRAT, CL,3060
VILA SIQUEIRA ZONA NORTE,FO,3060
JARDIM NOVO CARRÃO,IQ,3055
VILA UNIVERSITARIA,BT,3055
JARDIM ADUTORA, SM,3052
JARDIM COMERCIAL, CL,3051
NOSSA SENHORA DO Ó,FO,3051
CIDADE NITRO QUÍMICA,MP,3042
VILA IOLANDA, G,3040
JARDIM CORISCO, JT,3034
JARDIM ALFREDO,CL,3029
JARDIM CELESTE, BT,3022
CHÃCARA INGLESA, PJ,3017
COLONIA,CS,3012
VILA RICA, FB,3010
JARDIM FILHOS DA TERRA,JT,3006
JARDIM TIETE, SM,2997
CIDADE NOVA HELIÃ“POLIS, IP,2989
PARQUE DOS PRÃNCIPES, BT,2989
JARDIM ESTER YOLANDA, BT,2985
JARDIM BANDEIRANTES LAJEADO,G,2971
JARDIM HELOISA,MP,2968
UNIÃO DE VILA NOVA,MP,2966
VILA LONDRINA,PE,2961
VILA FIDALGO,JT,2960
VILA AMELIA,FB,2954
VILA EMA, IP,2948
JARDIM IPANEMA (ZONA SUL),CS,2944
VILA GOMES CARDIM, PE,2940
JARDIM DONÁRIA,PJ,2938
JARDIM MARILU, PJ,2936
JARDIM SANTA TERESINHA, IQ,2933
JARDIM SANTA EMÃLIA, IP,2925
JARDIM AURORA (ZONA LESTE),IQ,2916
JARDIM DAS PALMAS,CL,2916
JARDIM BOA VISTA ZONA OESTE,BT,2915
PARQUE MARIA DOMITILA, PJ,2906
PARQUE SANTO EDUARDO, IQ,2898
JARDIM FANGANIELLO, G,2892
VILA PEDRA BRANCA, JT,2889
VILA UNIAO ZONA LESTE, PE,2886
CONJUNTO HABITACIONAL CASTRO ALVES, G,2880
PARQUE VITÓRIA,JT,2880
CHACARA DA ENSEADA,CL,2879
JARDIM DIONISIO,CL,2879
JARDIM HERCULANO,CL,2878
INDIANOPOLIS,IP,2875
JARDIM PAULISTA,IP,2874
PARQUE AMAZONAS,CS,2873
VILA CARRÃƒO, IQ,2872
VILA HERMÍNIA,FO,2872
BUTANTA,BT,2860
JARDIM VILA CARRÃO,SM,2860
PARQUE YPE, BT,2853
VILA CAMPESTRE, SA,2850
JARDIM MONTE ALEGRE,PJ,2849
VILA GOMES, BT,2849
VILA PREL, CL,2846
JARDIM LIMOEIRO,SM,2842
JARDIM NAZARE,MP,2835
VILA MADALENA, BT,2835
JARDIM IAE,CL,2830
JARDIM IMPERADOR, SM,2826
CONJ PROMORAR RIO CLARO, SM,2824
VILA GUARANI(ZONA SUL),SA,2824
JARDIM BRASILIA ZONA NORTE,FO,2814
VILA SANTA CATARINA, SA,2811
JARDIM MATARAZZO, MP,2791
VILA ERNA,SA,2790
VILA PRINCESA ISABEL, G,2790
JARDIM SÃO MANOEL,CL,2784
JARDIM VITÓRIA,G,2780
VILA JOÃO BATISTA,FO,2776
CAMPININHA, SA,2772
JARDIM BRASÍLIA,CL,2772
JD PEDRO JOSE NUNES, MP,2768
JARDIM MARIANE, CL,2766
COHAB SANTA ETELVINA II A, G,2762
CHÁCARA TRÊS MENINAS,MP,2756
CIDADE NITRO OPERÁRIA,MP,2756
JARDIM FLOR DE MAIO, JT,2752
JARDIM SANTA TEREZINHA PEDREIRA,SA,2752
JARDIM IPÊ,CL,2744
MIRANDÓPOLIS,IP,2741
PARQUE PRIMAVERA, SA,2741
COHAB SANTA ETELVINA II B, IQ,2737
JARDIM MARIA AMÁLIA,CS,2728
VILA CURUCA, MP,2727
JARDIM FERNANDES, IQ,2724
JARDIM IPANEMA (ZONA OESTE),PJ,2724
COHAB JUSCELINO, G,2720
JARDIM YARA, JT,2716
VILA LIVIERO, IP,2709
VILA PRIMAVERA, SM,2709
CONJ HAB SITIO CONCEIÇÃO,G,2704
VILA PAULO SILAS,IP,2704
VILA ROMERO,JT,2704
JARDIM SÃO JORGE,SA,2701
VILA ALBA, BT,2700
JARDIM CENTENARIO,FB,2684
JARDIM DO COLÉGIO,CL,2677
COHAB MARECHAL MASCARENHAS DE MORAIS, SM,2675
JARDIM DA SAÚDE,IP,2674
ALTO DE PINHEIROS,BT,2665
JARDIM SANTO ELIAS, PJ,2664
VILA NOVA GALVÃO,JT,2664
JARDIM VALE DAS VIRTUDES, CL,2661
JARDIM SANTA TEREZINHA (PEDREIRA),SA,2660
JARDIM PLANALTO, CL,2656
JARDIM WILMA FLOR, G,2654
PLANALTO PAULISTA, IP,2654
JARDIM SAO JORGE,SA,2652
VILA BARUEL, FB,2646
JARDIM SAO LUIS ZONA NORTE,JT,2645
JARDIM DAS LARANJEIRAS,FO,2644
JARDIM SHANGRILA ZONA NORTE, PJ,2643
ESTÂNCIA JARAGUÁ,PJ,2640
JARDIM ADELFIORI,PJ,2640
SAO JOAO CLIMACO, IP,2640
PARQUE MONTEIRO SOARES, FB,2639
CHACARA SANTO ANTONIO, SA,2636
JARDIM JARAGUA, PJ,2632
VILA ARICANDUVA, IQ,2631
VILA NASCENTE, CS,2630
VILA PROGRESSO, MP,2630
CONJUNTO CITY JARAGUA, PJ,2627
SAO MATEUS,SM,2626
JARDIM BOA VISTA, BT,2624
VILA ISOLINA MAZZEI, JT,2623
GRANJA NOSSA SENHORA APARECIDA, CS,2619
VILA TIRADENTES,BT,2613
JARDIM SANTA FE ZONA SUL, CS,2610
JARDIM JAÇANÃ,JT,2608
VILA CAROLINA,FO,2606
JARDIM SAO CARLOS ZONA LESTE, MP,2602
JARDIM RODRIGO,PJ,2600
PARQUE SEVILHA, PE,2599
VILA CLARA,MP,2594
JARDIM PEDRO JOSÃ‰ NUNES, MP,2592
VILA EMA,SM,2592
VILA RENATO ZONA NORTE,PJ,2590
JARDIM JUA,SA,2584
VILA DOUTOR EIRAS,MP,2584
JARDIM BRITANIA, PJ,2578
VILA RICA,CL,2575
JARDIM SANTO ANTÔNIO,PE,2574
JARDIM HERCILIA, PE,2572
JARDIM PERI NOVO,FO,2570
JARDIM BONFIGLIOLI, BT,2568
CENTRO,IP,2548
PARQUE SÃƒO LUÃS, FB,2548
JARDIM SANTA EMILIA,IP,2546
JARDIM BANDEIRANTE SAO RAFAEL,SM,2540
JARDIM DA SAUDE, IP,2537
CIDADE DOMITILA, SA,2529
VILA PIERINA, PE,2527
VILA BELA VISTA ZONA NORTE, FB,2525
JARDIM MIRAGAIA, MP,2520
JARDIM AUGUSTO, SM,2519
CIDADE CENTENÁRIO,SM,2517
JARDIM SANTA FE, CS,2510
CIDADE SAO FRANCISCO, BT,2502
JARDIM CAROMBE,FB,2502
VILA DOS PALMARES, PJ,2489
CONJ RESIDENCIAL JOSE BONIFACIO, IQ,2484
BARRAGEM,CS,2477
JARDIM RUSSO, PJ,2477
PARQUE SANTA BÁRBARA,CL,2472
VILA MARIANA, IP,2470
VILA ROQUE, FB,2466
JARDIM LEME,CL,2464
CHÃCARA SANTANA, CL,2461
VILA AMALIA ZONA NORTE,FO,2460
VILA RICA,IQ,2457
VILA DALILA, PE,2455
JARDIM CACHOEIRA,FB,2452
BELENZINHO, PE,2448
VILA PIRITUBA,PJ,2446
VILA PITA,FO,2443
JARDIM MARIA DUARTE,CL,2435
JARDIM SAO FRANCISCO ZONA LESTE,PE,2435
JARDIM AURORA ZONA LESTE,IQ,2430
VILA PAULICEIA, JT,2427
VILA BRASILÃ‚NDIA, PJ,2425
VILA ANGELICA, FB,2423
VILA SÃO JOSÉ (GUAIANAZES),G,2419
PARQUE TIETE,FB,2418
VILA BOM JARDIM, CL,2409
JARDIM DAMASCENO, FB,2404
JARDIM GUANABARA, CS,2402
JARDIM GRIMALDI, SM,2385
JARDIM PORTAL I E II,JT,2379
VILA IOLANDALAJEADO,G,2379
VILA SÃƒO NICOLAU, IP,2377
JARDIM NOVA VITÓRIA I,SM,2370
VILA DIONISIA,FB,2370
JARDIM PANORAMA ZONA LESTE, IP,2368
VILA AMÁLIA (ZONA LESTE),PE,2360
VILA DOMITILA, PE,2357
CIDADE NOVA AMÉRICA,CS,2354
VILA SANTA INÊS,MP,2352
JARDIM ICARAÃ, CS,2350
PARQUE SAO LUCAS, IP,2350
COHAB TEOTONIO VILELA, SM,2347
PARQUE NACOES UNIDAS, PJ,2341
JARDIM MARISA, PJ,2338
JARDIM IMPERADOR (ZONA LESTE),SM,2330
FAZENDA DO CARMO,IQ,2328
VILA CAJU,PE,2328
JARDIM CASA PINTADA,MP,2327
VILA SANTA LÃšCIA, CL,2324
BROOKLIN PAULISTA,SA,2318
JARDIM DOS MANACÁS,CS,2317
JARDIM TEREZA, IP,2314
VILA VERDE, IQ,2313
VILA AMÁLIA (ZONA NORTE),FO,2308
CHÁCARA CALIFÓRNIA,IQ,2301
CIDADE SAO MATEUS, SM,2295
JARDIM SABARA, SA,2295
JARDIM BEATRIZ, CS,2292
JD SAPOPEMBA, SM,2287
VILA PALMEIRAS, PJ,2287
VILA ZEFIRA,G,2283
JARDIM SÃO JOÃO,CL,2280
VILA BABILÃ”NIA, SA,2277
JARDIM PRINCESA, FB,2261
JARDIM ANA LÃšCIA, CS,2257
JARDIM SÃO CRISTÓVÃO,SM,2256
VILA SOCORRO,CL,2255
COHAB MONET, CL,2251
JARDIM CELESTE, IP,2240
VILA BRASILANDIA, FB,2239
JARDIM BELA VISTA ZONA SUL,CS,2235
JARDIM INDAIÁ,MP,2232
JARDIM SANTA ADELIA, SM,2230
JARDIM TRES MARIAS, PE,2226
JARDIM SAO LUIS ZONA LESTE, MP,2223
CASA VERDE,FB,2220
JARDIM BANDEIRANTES ZONA NORTE, PJ,2220
PARQUE IMPERIAL,IP,2218
VILA GUACURI, SA,2214
VILA PIRACICABA,MP,2208
JARDIM SAO ROBERTO, SM,2207
JARDIM REIMBERG, CS,2200
JARDIM CECY,FB,2198
VILA CORDEIRO, BT,2196
VILA BUENOS AIRES, PE,2194
JARDIM ELBA, SM,2193
JARDIM SÃO PAULO(ZONA NORTE),JT,2192
VILA ARCÃDIA, FB,2190
PARQUE TAIPAS, PJ,2182
FAZENDA CAGUAÇU,IQ,2168
LAGEADO,G,2165
PARQUE GRAJAÚ,CS,2160
PARADA INGLESA, JT,2156
VILA RIO BRANCO, PE,2154
BROOKLIN PAULISTA,BT,2145
JARDIM MODELO, JT,2145
JARDIM SANTA TEREZINHA ZONA LESTE, G,2137
JARDIM GIANETTI,G,2136
JARDIM PAULISTANO ZONA NORTE,PJ,2135
JARDIM MITSUTANI, CL,2134
VILA ISA, SA,2131
JARDIM SAO JOAO SAO RAFAEL,SM,2125
JARDIM VERGUEIRO, CL,2124
PARADA XV DENOVEMBRO,IQ,2124
CIDADE NOVA HELIOPOLIS, IP,2120
VILA SAO FRANCISCO,PE,2119
VILA IVONE,IP,2097
JARDIM SÃƒO NICOLAU, PE,2096
JARDIM LUSO, SA,2095
PARQUE MARIA LUIZA, IQ,2095
JARDIM FRANCISCO MENDES,JT,2093
NOVA CONQUISTA,SM,2093
JARDIM MONTE ALEGRE,FB,2090
JARDINS RECANTO DAS ROSAS,G,2088
VILA PROGREDIOR,BT,2088
JARDIM SANTA ADÃ‰LIA, SM,2083
ITABERABA, FB,2082
JARDIM BANDEIRANTE, SM,2081
JARDIM DO ALTO,CS,2076
PARQUE BRASIL, CS,2069
MOINHO VELHO, IP,2064
VILA MONTE ALEGRE,IP,2063
JARDIM AUREA, G,2062
JARDIM SAO JOSE, CL,2059
PARQUE TOMAS SARAIVA, IP,2056
ÁGUA BRANCA,PJ,2056
JARDIM DAS ROSAS IGUATEMI,SM,2050
CAMPO BELO, SA,2040
VILA SIQUEIRA ZONA NORTE,FB,2040
COHAB CASTRO ALVES, G,2035
JARDIM LEONOR,BT,2034
JARDIM ÃUREA, G,2033
JARDIM ANDARAI, JT,2032
VILA SAO GERALDO, G,2025
CAPELA DO SOCORRO, CS,2023
SÃTIO MORRO GRANDE, FB,2023
JARDIM CASA GRANDE, CS,2019
FURNAS,JT,2012
ENGENHEIRO GOULART, PE,2010
VILA CAMPO GRANDE,SA,2005
RESIDENCIAL COCAIA,CS,2002
JARDIM ANGELA, SM,2000
VILA CARAGUATA, IP,1997
BUTANTÃƒ, BT,1995
JARDIM CAMPO LIMPO, CL,1992
JARDIM PÉROLA III,G,1992
JARDIM TRÃŠS MARIAS, SM,1991
JARDIM HUMAITÁ,PJ,1990
JARDIM ELIANE, IQ,1987
JARDIM CABUÇU,JT,1976
JARDIM NELIA IV,MP,1974
JARDIM ELLUS,CS,1972
PARQUE FERNANDA, CL,1971
VILA RÃ‰, PE,1966
CIDADE POPULAR,G,1963
JARDIM MONJOLO,FB,1956
CONJUNTO HABITACIONAL BRIGADEIRO EDUARDO,PJ,1955
JARDIM PAULISTA,BT,1954
VILA RIBEIRO DE BARROS, PJ,1951
VILA LOURDES, MP,1946
VILA CRUZEIRO,IQ,1944
CIDADE MÃƒE DO CÃ‰U, PE,1939
ÃGUA FRIA, JT,1938
VILA CLEMENTINO, IP,1937
JARDIM SÃO JUDAS TADEU,CS,1936
VILA NOVA PARADA, PJ,1934
CHACARA INGLESA, IP,1927
CHACARA SANTANA, CL,1927
VILA CONCEICAO,MP,1925
JARDIM APURA,SA,1924
JARDIM VILA FORMOSA, IQ,1924
JARDIM BATAGLIA, BT,1923
JARDIM MARISTELA,FB,1918
JARDIM SANTANA, MP,1915
JARDIM SÃO JOÃO (GUAIANAZES),G,1914
PQ BOA ESPERANÇA,SM,1912
JARDIM MARIA LÍDIA,SM,1900
JARDIM QUISISANA (VILA NOVA CURUÇÁ),MP,1896
SUMARE, PJ,1896
CONJUNTO HABITACIONAL BARREIRA GRANDE,IQ,1895
VILA INVERNADA, PE,1892
ARTHUR ALVIM, PE,1890
PARADA XV DE NOVEMBRO, IQ,1888
JARDIM LAJEADO,MP,1885
JARDIM CLIPER, CS,1879
CONJUNTO HABITACIONAL INSTITUTO ADVENTIS, CL,1877
CONJUNTO RESIDENCIAL JARDIM CANAÃ,SA,1876
JARDIM BRASILIA ZONA NORTE,FB,1876
JARDIM PALMARES, SA,1875
CONJ HAB BARRO BRANCO II,G,1872
JARDIM MÁLIA II,CS,1872
VILA QUINTANA,CS,1864
VILA DIVINA PASTORA,IP,1863
PARQUE SANTA BARBARA, CL,1862
JARDIM DENISE, JT,1859
JARDIM SANTA TEREZINHA ZONA LESTE, IQ,1857
JARDIM PONTE RASA,PE,1856
VILA REGINA  ZONA LESTE,IQ,1845
VILA MIRANTE, PJ,1844
JARDIM IPANEMA ZONA SUL,CS,1840
JARDIM SANTO ELIAS (SÃO MIGUEL),MP,1840
JARDIM SÃO JOÃO (SÃO RAFAEL),SM,1834
JARDIM MORAES PRADO,CS,1827
VILA PATRIMONIAL,SA,1824
JARDIM VERA CRUZZONA SUL, CL,1822
JARDIM DAS ROSAS (IGUATEMI),SM,1816
JARDIM MARINGÃ, PE,1813
JARDIM SAO JANUARIO, CL,1810
SÍTIO DO MANDAQUI,FB,1810
VILA ANADIR, IP,1802
VILA CALU, CL,1794
VILA IOLANDA(LAJEADO),G,1791
VILA LEONOR, JT,1790
JARDIM SATELITE, CS,1781
PENHA DE FRANCA, PE,1778
MIAMI PAULISTA,CL,1776
JARDIM CONSÃ“RCIO, SA,1771
VILA SANTA TERESA(ZONA SUL),IP,1768
VILA GUARANIZONA SUL,SA,1765
JARDIM VERGUEIRO SACOMA,IP,1755
PARQUE SÃƒO RAFAEL, SM,1749
ARTUR ALVIM, PE,1742
JARDIM TABOAO, BT,1742
JARDIM SHANGRILA ZONA SUL, CS,1732
JARDIM AMÃLIA, CL,1728
JARDIM FIGUEIRA GRANDE, CL,1724
VILA NATAL, CS,1721
VILA SANTA MARIA, FB,1717
RECANTO SANTO ANTÔNIO,CL,1710
VILA SANTA TERESA (ZONA LESTE),PE,1708
RECANTO VERDE DO SOL, SM,1706
JD IPANEMA,PJ,1705
JARDIM BRASILIA ZONA LESTE, IQ,1704
JARDIM SAO JOSE, PJ,1702
VILA CAIÚBA,PJ,1702
CANINDÉ,PE,1692
CONJ HAB SITIO CONCEICAO,G,1690
VILA ALBERTINA, FB,1685
JARDIM IRACEMA, CL,1684
JARDIM MONTE KEMEL,BT,1684
JARDIM SANTA EDWIGES CAPELA DO SOCORRO,CL,1680
CIDADE NITRO OPERARIA,FO,1679
VILA AMALIA ZONA NORTE,FB,1676
JARDIM CLARICE, CL,1664
JARDIM MATARAZZO, PE,1660
JARDIM GILDA MARIA,BT,1656
PARQUE DO OTERO,CL,1650
VILA JACUÃ, MP,1648
JARDIM ANTÁRTICA,FB,1646
CIDADE MONÇÕES,BT,1645
VILA MONUMENTO, IP,1643
CHÃCARA SANTA ETELVINA, G,1639
JARDIM PALMARES ZONA SUL,SA,1635
JARDIM JACANA,JT,1630
VILA OLIMPIA, BT,1629
VILA NILO, JT,1623
JARDIM GUEDALA,PJ,1620
JARDIM PÃ‰ROLA I, G,1613
JARDIM RINCÃƒO, PJ,1610
JARDIM ROBRU,G,1610
JARDIM SANTA MARIA, IQ,1609
JARDIM CAROMBÃ‰, FB,1598
BRAS, PE,1596
JARDIM SAO JOAO GUAIANAZES,G,1595
VILA DIVA ZONA LESTE, PE,1591
VILA MARTE,IP,1589
VILA NINA, FB,1589
JARDIM SAO JOAO ZONA NORTE, JT,1584
JARDIM SÃO JOÃO,JT,1584
JARDIM AEROPORTO, SA,1580
JARDIM QUISISANA VILA NOVA CURUCA,MP,1580
VILA OLÍMPIA,BT,1576
JARDIM BOM PASTOR,CL,1575
VILA BANCÁRIA MUNHOZ,FO,1568
CONJ PROMORAR ESTRADA DA PARADA,FB,1564
CONJUNTO RESIDENCIAL PRESTES MAIA, G,1560
VILA MIRA,SA,1560
VILA SANTA ISABEL, IQ,1555
CONJUNTO HABITACIONAL JARDIM SAO BENTO, CL,1550
PARQUE SAVOY CITY, IQ,1549
VILA PROGRESSO ZONA SUL,CS,1545
VILA BANCÃRIA, SM,1543
PARQUE TIETÊ,FO,1539
CIDADE LUZ,CS,1536
VILA LIBANESA, PE,1533
SUMARÉ,PJ,1530
VILA CALIFORNIA, IP,1525
PARQUE BELÉM,FO,1520
VILA ARAGUAIA,PE,1515
JARDIM VARGINHA, CS,1512
JARDIM DAS GRAÇAS,FO,1508
JARDIM AVENIDA,CL,1506
VILA SANTISTA,FB,1506
CONJUNTO RESIDENCIAL ELISIO TEIXEIRA LEI, PJ,1499
CHÁCARA NOSSA SENHORA DO BOM CONSELHO,CL,1491
VILA BELA VISTA,FB,1484
VILA HOMERO, PJ,1479
VILA AMELIA, FB,1477
VILA AMALIA ZONA LESTE,PE,1475
CHÁCARA SANTO ANTÔNIO (ZONA SUL),CL,1470
JARDIM DOS MANACAS,CS,1470
VILA SÃO JOSÉ (CIDADE DUTRA),CS,1468
JARDIM CAMARGO VELHO, MP,1465
JARDIM MAGGI,PJ,1463
CONSOLACAO, IP,1453
JARDIM ALVINA,PJ,1446
JARDIM VILA MARIANA, IP,1443
CHÁCARA COCAIA,CS,1442
PARQUE REBOUCAS,CL,1440
JARDIM SANTO ANTÔNIO,MP,1436
VILA ZAT, PJ,1436
JARDIM LIDERANCA,IQ,1435
JARDIM TEREZA,FB,1432
CONJUNTO HABITACIONAL A E CARVALHO, IQ,1430
JARDIM AMARO, SM,1430
VILA ANTONIETA, IQ,1423
JARDIM MARTINS SILVA,JT,1422
JARDIM COLORADO,SM,1420
JARDIM SÃƒO BERNARDO, CS,1420
JARDIM DAS CARMELITAS,IQ,1416
BARRA FUNDA, IP,1415
JARDIM ALTO ALEGRE SAO RAFAEL,SM,1415
VILA BELA VISTA (ZONA SUL),CL,1415
VILA NOVA CURUÇÁ,G,1412
PARQUE ARTUR ALVIM, PE,1411
JARDIM PRIMAVERA ZONA SUL,CS,1407
JARDIM RECANTO VERDE,JT,1407
PARQUE BELEM,FB,1406
CAPÃƒO REDONDO, CL,1401
CIDADE VARGAS, SA,1399
TUCURUVI, JT,1396
JARDIM NORMA,MP,1392
LUZ, IP,1391
CONJUNTO RESIDENCIAL MORADA DO SOL,PJ,1390
JARDIM SANTA CRUZ ZONA NORTE, FB,1386
JARDIM KAGOHARA, CL,1385
JARDIM LÍDIA,CL,1380
JARDIM EDUCANDARIO, BT,1374
JARDIM LAPENA, MP,1373
CHÁCARA NOSSA SENHORA APARECIDA,FO,1372
JARDIM SAO PAULOZONA NORTE,JT,1370
JARDIM DAS GRACAS,FB,1358
FAZENDA CAGUACU,IQ,1355
JARDIM MYRNA, CS,1351
CONJUNTO HABITACIONAL JUSCELINO KUBITSCH, G,1349
JARDIM CENTENARIO, FB,1342
JARDIM GUAIRACA, IP,1337
BRÃS, PE,1335
JARDIM NÃ‰LIA, MP,1334
JARDIM PAULISTANO (ZONA NORTE),PJ,1332
SOCORRO, CS,1332
PARQUE SÃƒO LUCAS, IP,1331
HORTO FLORESTAL,JT,1328
VILA IMPÃ‰RIO, SA,1323
JARDIM MACEDÃ”NIA, CL,1311
JARDIM DOM BOSCO,SA,1309
VILA SÃO GERALDO,G,1305
JARDIM IRAPIRANGA, CL,1304
JD WILMA FLOR,G,1300
JARDIM SILVEIRA, CS,1298
CONJ HABIT PADRE MANOEL DA NOBREGA, PE,1296
VILA ESPANHOLA,FO,1296
VILA ALABAMA,MP,1295
VILA SERRALHEIRO,FO,1294
PARAÃSO DO MORUMBI, CL,1290
PARAÍSO DO MORUMBI,BT,1290
VILA PIRAJUSSARA, CL,1278
JARDIM LIDER,PJ,1276
JARDIM JULIETA, JT,1274
VILA PARANAGUÃ, PE,1268
CANTINHO DO CEU, CS,1267
VILA PROGRESSO (ZONA NORTE),FO,1266
ILHA DO BORORE,CS,1263
JARDIM REGINA,PJ,1254
VILA TAQUARI, IQ,1252
JARDIM CAROMBE, FB,1251
VILA CELESTE,FB,1248
VILA ZELINA, IP,1247
JARDIM LEÃ”NIDAS MOREIRA, CL,1239
JARDIM ANGELA ZONA LESTE, SM,1235
JARDIM CABUCU,JT,1235
VILA ESTER, SM,1235
JARDIM EGLE,SM,1228
JARDIM CACHOEIRA, FB,1226
CHACARA SANTO ANTONIO ZONA SUL,CL,1225
VILA DOS MINÉRIOS,IP,1224
PARQUE AMERICA, CS,1219
PARELHEIROS, CS,1211
PARQUE TIETE, FB,1209
JARDIM SÃO FRANCISCO DE ASSIS,CL,1208
VILA CHABILANDIA, G,1208
VILA MARILENA, G,1208
JARDIM KIOTO, CS,1204
JARDIM INDEPENDÊNCIA,IP,1195
JARDIM AURORA ZONA LESTE, G,1187
JARDIM SÃƒO FRANCISCO, SM,1185
VILA DIONISIA, FB,1185
VILA NIVI, JT,1185
CHÃCARA BELENZINHO, IQ,1175
CONJUNTO PROMORAR SAPOPEMBA, SM,1171
JARDIM BELÃ‰M, PE,1167
VILA CRISTO REI,FB,1166
JARDIM ADELFIORE, PJ,1165
PQ BOA ESPERANCA,SM,1161
JARDIM ELISIO,FO,1155
JARDIM GUACURI,SA,1155
JARDIM SOARES, G,1153
JARDIM SANTO ELIAS SAO MIGUEL,MP,1150
UMARIZAL, CL,1149
VILA MORSE,BT,1149
VILA SIMONE, MP,1149
VILA EDE, JT,1148
VILA CARMOSNA,IQ,1136
VILA MARIA BAIXA, JT,1123
JARDIM VERGUEIRO (SACOMÃ),IP,1121
JARDIM ARTUR ALVIM, PE,1117
JAGUARÃ‰, PJ,1115
PARQUE ITABERABA,FB,1114
CAMPOS ELÃSEOS, IP,1112
CASA VERDE, FB,1110
VILA SANTA TERESAZONA SUL,IP,1105
VILA GRANADA,PE,1103
CANGAIBA, PE,1101
JARDIM CECY, FB,1099
VILA PRADO,FO,1089
JARDIM RUBILENE, SA,1087
JARDIM ELIZA,CL,1085
VILA BARRETO,PJ,1085
VILA SÃ”NIA, BT,1081
VILA BUTANTA,BT,1080
CHACARA CRUZEIRO DO SUL, PE,1072
ESTÂNCIA MIRIM,CL,1068
JARDIM DA CONQUISTA ZONA LESTE, SM,1068
JARDIM PAPAI NOEL, CS,1058
VILA SEABRA, MP,1056
CONJUNTO HABITACIONAL FAZENDA DO CARMO, G,1052
IMIRIM,FO,1047
JARDIM MONTE ALEGRE, FB,1045
VILA ALPINA, IP,1043
RECANTO CAMPO BELO, CS,1032
FAZENDA MORUMBI, CL,1026
ITAIM, MP,1026
JARDIM HELENA, SM,1026
JACANA, JT,1025
JARDIM MARISTELA,PJ,1025
PARQUE GUAIANAZES,MP,1025
COHAB SANTA ETELVINA II, G,1022
JARDIM SAO JOSE SAO MATEUS,SM,1020
VILA SILVIA, PE,1020
VILA POPULAR,G,1014
VILA DORNA, JT,1012
VILA AMÉLIA,JT,1011
CONJUNTO HABITACIONAL PADRE MANOEL DA NÃ“, PE,1010
VILA NOVA CACHOEIRINHA,JT,1010
VILA PARQUE JABAQUARA, SA,1006
JARDIM UBIRAJARA ZONA SUL, SA,1003
JARDIM ALTO PAULISTANO,SM,999
PARQUE IPÃŠ, BT,999
VILA DA SAUDE,IP,999
JARDIM DAS CAMELIAS, MP,998
CONJUNTO HABITACIONAL PADRE MANOEL DE PA, PE,997
MANDAQUI, JT,995
JARDIM SÃ”NIA REGINA, CL,989
CIPÓ DO MEIO,CS,984
JARDIM MORUMBI,BT,980
JARDIM MONJOLO, FB,978
JARDIM DAS PEDRAS(ZONA SUL),CS,975
JARDIM BOM REFÃšGIO, CL,971
CONJUNTO HABITACIONAL JOVA RURAL, JT,969
VILA RENATO (ZONA NORTE),PJ,969
VILA SÃO VICENTE,FO,969
JARDIM CENTENÁRIO,FB,968
CHÃCARA NANI, CL,967
CONJUNTO HABITACIONAL INÃCIO MONTEIRO, G,966
JARDIM ETELVINA, G,966
JARDIM ROSA MARIA,BT,965
PINHEIROS, BT,965
JARDIM MARISTELA, FB,959
PARQUE DA VILA PRUDENTE, IP,959
CHÁCARA SANTO ANTÔNIO (ZONA SUL),SA,958
JARDIM SÃƒO JOSÃ‰, CL,956
GLEBA DO PÃŠSSEGO, IQ,951
JARDIM SAO JORGE,BT,945
JARDIM PRUDÃŠNCIA, SA,944
JARDIM DA GLÓRIA,IP,942
JARDIM BRASILIA ZONA NORTE, FB,938
ALTO DA LAPA, PJ,933
VILA ESTER (ZONA NORTE),FO,928
VILA PROGRESSO (ZONA SUL),CS,927
VILA CARBONE,FO,925
VILA CALIFÃ“RNIA, IP,918
PARQUE DAS PAINEIRAS, PE,917
GUARAPIRANGA, CL,914
FREGUESIA DO Ó,FO,912
JARDIM DAS PEDRAS, JT,912
PERDIZES, PJ,912
CONJUNTO CITY JARAGUÃ, PJ,911
VILA SOFIA,SA,911
JARDIM SÃO SEBASTIÃO,IQ,910
JARDIM SAO PEDRO ZONA SUL, CS,908
VILA CUNHA BUENO, SM,906
SÃTIO DO MANDAQUI, FB,905
JARDIM LUCÃ‰LIA, CS,902
BROOKLIN NOVO, SA,901
Jardim Capela,CL,901
JARDIM IMPERADOR ZONA LESTE, SM,897
JARDIM UMUARAMA, CL,895
MORRO DO ÃNDIO, CL,894
VILA CAROLINA, MP,893
JARDIM SÃƒO ROBERTO, SM,891
VILA MARIA, JT,889
JARDIM MIRIAM, G,887
JARDIM SAO CARLOS, MP,887
JARDIM SAO JOAO JARAGUA, PJ,887
JARDIM PAQUETA ZONA NORTE,PJ,885
JARDIM PAQUETÁ (ZONA NORTE),PJ,885
JARDIM JARAGUÃ, PJ,883
JARDIM ORIENTAL, SA,872
VILA OLINDA,IQ,872
VILA CARDOSO FRANCO, SM,871
JARDIM RAPOSO TAVARES, BT,867
JARDIM PIRATININGA, PE,866
VILA CHABILÂNDIA,G,864
JARDIM DONA SINHÃ, SM,863
JARDIM PEDRA BRANCA, IQ,857
VILA COSMOPOLITA, G,856
JARDIM GUAPIRA,JT,855
JARDIM SANTA CRUZ (SACOMÃ),IP,855
PARQUE GUAIANAZES, G,855
CONJUNTO HABITACIONAL PADRE JOSÃ‰ DE ANCH, PE,853
VILA ROMANA, PJ,853
VILA JOANIZA, SA,851
PARQUE TIETÊ,FB,846
JARDIM ALVORADA (ZONA SUL),CS,840
JARDIM D ABRIL, BT,838
VILA CLARICE, PJ,838
JARDIM COTINHA, PE,837
VILA NOVA ALBA, BT,835
VILA REGINA, IQ,834
JARDIM JUREMA,IQ,830
VILA SANTA INES, MP,829
FREGUESIA DO O,FB,828
GUACURI,SA,828
VILA CAROLINA,FB,828
JARDIM SANTA EDWIGES (CAPELA DO SOCORRO),CL,827
JARDIM NAZARETH, MP,824
JARDIM ANTÃRTICA, FB,823
VILA PAULISTANA, JT,823
VILA RUI BARBOSA, PE,822
JARDIM SAMARA, CL,818
VILA BABILONIA,SA,816
VILA MEDEIROS, JT,815
JARDIM ALMANARA,FB,814
VILA GUIOMAR, CL,811
MORUMBI, BT,810
VILA DOS REMÉDIOS,PJ,810
JARDIM MARIA VIRGINIA, CL,808
JARDIM TABOÃƒO, BT,808
JARDIM MARILDA, CS,807
JARDIM SAO SAVERIO, IP,807
VILA SIQUEIRA ZONA NORTE, FB,806
JARDIM SANTA JOSEFINA, CL,803
JARDIM TIETÃŠ, SM,800
VILA GUARANI (Z SUL),IP,800
JARDIM ITACOLOMI, SA,797
JARDIM JAPAO, JT,797
CONJUNTO RESIDENCIAL JOSE BONIFACIO, IQ,796
JARDIM DOS ALAMOS, CS,795
JARDIM LAJEADO, G,795
VILA MORAES, IP,794
JARDIM VERA CRUZZONA LESTE, SM,793
VILA SÃLVIA, PE,790
JARDIM MIRIAM, MP,788
JARDIM PEREIRA LEITE,FB,788
BALNEÃRIO MAR PAULISTA, SA,787
JARDIM APURÃ, SA,785
JARDIM DOS IPÊS,MP,785
CONJ PROMORAR ESTRADA DA PARADA, FB,782
JARDIM DRACENA, BT,782
JARDIM ZILDA,CS,782
JARDIM GUANCA, JT,780
PARQUE SONIA, MP,780
VILA DA PAZ, CS,778
VILA CALIFÓRNIA(ZONA SUL),CS,776
RIO BONITO, CS,773
MORRO DOCE,PJ,772
VILA ROSARIA, MP,772
CONJUNTO HABITACIONAL FAZENDA DO CARMO, IQ,771
VILA GUILHERMINA, PE,771
JARDIM PÃ‰ROLA II, G,768
JARDIM LEONOR MENDES DE BARROS, JT,764
JARDIM ROMANO, MP,764
JARDIM SAO JORGE RAPOSO TAVARES, BT,764
VILA CONSTANCA, SA,761
BORTOLÂNDIA,JT,760
CONJ RESIDENCIAL PADRE MANUEL DA NOBREGA,PE,760
PARQUE ESPERANCA,PJ,760
PARQUE ESPERANÇA,PJ,760
VILA SANTA TERESA ZONA LESTE, PE,760
VILA MANGALOT, PJ,757
JARDIM SANTO ANDRE, SM,756
JARDIM SOMARA, CS,754
PARQUE INDEPENDÃŠNCIA, CL,754
PARQUE IPÃŠ, CL,753
VILA SANTISTA, FB,753
JARDIM AMPLIACAO,BT,752
JARDIM IPANEMA, PJ,748
VILA CLARA, SA,748
JARDIM CAPELINHA, CL,747
PARQUE ALVES DE LIMA, CL,747
CIDADE D ABRIL, PJ,746
JARDIM KERALUX, PE,746
PARQUE JABAQUARA, SA,745
VILA AUREA, G,745
JARDIM JOAMAR, JT,743
VILA BELA VISTA, FB,742
PARQUE SANTA AMÃ‰LIA, MP,739
JARDIM GONZAGA, PE,736
VILA MASCOTE, SA,733
JARDIM ANÁLIA FRANCO,IQ,732
VILA NAIR, IP,732
SÃTIO DO PIQUERI, JT,728
SÍTIO DO MORRO,FB,726
VILA MISSIONÃRIA, SA,725
VILA BEATRIZ, PE,723
VILA HERMÍNIA,FB,718
JARDIM FELICIDADE ZONA OESTE,PJ,717
VILA FRANCOS,FO,717
JARDIM PRIMAVERA,FB,716
JARDIM TEREZA, FB,716
VILA SANTA TERESINHA, IQ,713
BARRO BRANCO ZONA NORTE, JT,712
CONJ HABIT VILA NOVA CACHOEIRINHA,FB,712
LAPA,PJ,712
RIVIERA PAULISTA, CL,710
VILA BOAÇAVA,PJ,710
VILA CARRAO, IQ,710
VILA SAO JOSE GUAIANAZES,G,705
PARQUE BELEM, FB,703
REPUBLICA, IP,699
JARDIM ALTO ALEGRE (SÃO RAFAEL),SM,698
VILA PITA,FB,698
JARDIM ANA LUCIA, CS,696
JARDIM NELIA, MP,696
JARDIM NOVO MARILDA,CS,696
RESIDENCIAL SOL NASCENTE, PJ,696
VILA DOS ANDRADES,FO,696
VILA CRUZEIRO,SA,694
VILA JOÃO BATISTA,FB,694
JARDIM ALMEIDA PRADO, CS,693
VILA SAO FRANCISCO ZONA LESTE, PE,693
SANTA CECÃLIA, IP,692
JARDIM ANDARAÃ, JT,690
SUPER QUADRA MORUMBI,BT,690
JARDIM UMUARAMA,SA,689
PARQUE SANTO AMARO, CL,688
PIQUERI, PJ,688
JARDIM BRASILIA, CL,685
JARDIM HELGA, CL,684
JARDIM IPANEMA ZONA OESTE, PJ,683
JARDIM DAS GRACAS, FB,679
JARDIM SÃƒO LUÃS, CL,678
JARDIM NORONHA, CS,674
JARDIM AURÃ‰LIO, CL,672
VILA SANTA CRUZ ZONA LESTE, G,672
JARDIM SANTA TERESINHA, SA,668
JARDIM SANTO ANTÔNIO,CL,660
CIDADE JÃšLIA, SA,659
VILA IOLANDA II, G,654
JARDIM CAPELA, CL,652
CONJUNTO HABITACIONAL VILA NOVA CACHOEIR,FO,650
TERCEIRA DIVISAO, SM,650
VILA DAS MERCÃŠS, IP,650
CIDADE MONCOES, BT,649
FERREIRA, BT,648
JARDIM BOTUCATU, IP,648
JARDIM HEBRON, JT,647
CONJUNTO HABITACIONAL ÃGUIA DE HAIA, IQ,642
VILA PRUDENTE, IP,642
VILA FAZZEONI, CL,641
JARDIM VIVAN, PJ,636
JARDIM GUANHEMBU, CS,635
PIRITUBA, PJ,634
VILA NOVA UNIÃƒO, MP,633
VILA PROGRESSO ZONA NORTE,FO,633
JARDIM LIDIA, CL,631
VILA SANTO ESTÃ‰FANO, IP,630
VILA CONDE DO PINHAL, IP,629
FREGUESIA DO Ó,FB,628
VILA MOINHO VELHO, IP,628
CERQUEIRA CÃ‰SAR, BT,627
JARDIM SÃƒO BENTO NOVO, CL,626
JARDIM ALPINO,CS,625
VILA REGINA ( ZONA LESTE),IQ,625
VILA UNIAO, PE,625
JARDIM AURORA, G,624
VILA ALBERTINA,JT,624
VILA CELESTE, FB,624
JARDIM MORENO, G,623
JARDIM PAULISTANO,FB,622
QUARTA PARADA, PE,621
JARDIM GUARUJA, CL,618
CHACARA SANTO ANTONIO ZONA LESTE, IQ,615
VILA LAÃS, PE,615
VILA HELIÃ“POLIS, IP,613
VILA LÃšCIA, IP,613
JARDIM EDITH, CS,611
VILA ESPERANCA, PE,610
JARDIM SANTA TEREZINHA PEDREIRA, SA,609
JARDIM SÃƒO SAVÃ‰RIO, IP,609
VILA SAO SILVESTRE, MP,609
55, G,608
JARDIM DANFER, PE,608
VILA DOM PEDRO II, JT,608
COHAB SITIO CONCEICAO, G,607
JARDIM NOVA TEREZA, PE,605
CHÃCARA MAFALDA, PE,604
JARDIM ALMEIDA, CS,604
JARDIM SAO FRANCISCO, CL,604
COHAB BARRO BRANCO II, G,602
JARDIM IRENE, G,601
JARDIM ALVORADA ZONA SUL,CS,600
JARDIM MARILIZA,FB,598
JARDIM AMÃ‰RICA DA PENHA, PE,594
JARDIM REPUBLICA, CS,594
JARDIM DA SAÃšDE, IP,593
JARDIM SÃƒO JORGE, BT,593
CHÃCARA MAFALDA, IQ,591
JARDIM ALADIM, CS,589
VILA NOVA,SM,588
PARQUE TOMAZ SARAIVA, IP,587
JARDIM MIMAR,SM,586
JARDIM CAMARGO NOVO, G,585
JARDIM BOA VISTA ZONA OESTE, BT,583
VILA CRISTO REI, FB,583
JARDIM IMBÃ‰, CL,582
JARDIM ROSSIN,FB,582
COHAB JARDIM SAO BENTO, CL,581
VILA PAULISTA I, G,581
JARDIM BANDEIRANTES, SA,580
JARDIM SAO PAULO, JT,580
VILA VITORIO MAZZEI, JT,579
JARDIM SAO GONCALO, SM,578
VILA INDEPENDENCIA,IP,578
VILA CRUZEIRO, G,577
VILA FACHINI, SA,577
SAO MIGUEL PAULISTA, MP,576
VILA SÃƒO FRANCISCO, BT,574
JARDIM CAMPO GRANDE, SA,572
JARDIM VILA CARRÃƒO, SM,572
JARDIM SOUZA, CL,569
JARDIM MARTINI, SA,567
PARQUE IPE, CL,567
JARDIM IAE, CL,566
RIO PEQUENO, BT,560
VILA ANASTACIO, PJ,560
VILA ANGLO BRASILEIRA, PJ,559
JARDIM ROSINHA, PJ,557
PARQUE ITABERABA, FB,557
JARDIM CONSORCIO, SA,555
VILA UNIVERSITÁRIA,BT,555
JARDIM ARANTES, SM,554
PARI, PE,552
JARDIM SORAIA, CL,551
VILA CUNHA BUENO, IP,550
VILA FRANCA, CL,550
PARQUE AMÃ‰RICA, CS,549
JARDIM DAS LARANJEIRAS,FB,548
VILA ANTÃ”NIO, BT,548
VILA INACIO, PJ,546
JARDIM SAO JOAQUIM, CL,545
VILA CAMPANELA, IQ,545
JARDIM NOEMIA, MP,543
VILA SERRALHEIRO,FB,542
CHÃCARA SANTO HUBERTUS, CS,539
Conjunto Residencial Jardim Canaã,SA,536
VILA RE, PE,535
JARDIM PATENTE NOVO, IP,533
JARDIM VERA CRUZ, SM,533
HIGIENÃ“POLIS, IP,532
VILA CAPELA,SA,531
VILA INGLESA, SA,531
ITAIM BIBI, BT,530
CHACARA SANTO ANTONIO ZONA SUL,SA,529
VILA CARIOCA, IP,529
JARDIM GERMÃ‚NIA, CL,528
CONJ PROMORAR SAPOPEMBA, SM,526
JARDIM CATARINA, IQ,525
JARDIM REDIL, IQ,525
PARQUE SÃƒO DOMINGOS, PJ,525
CHACARA INGLESA, PJ,524
JARDIM ANA ROSA, SM,520
JARDIM SANTA LUCRÃ‰CIA, PJ,520
JARDIM NORMA, IQ,518
JARDIM SÃƒO JOAQUIM, CL,518
LIMAO,FO,518
PACAEMBU, IP,518
PARQUE CRUZEIRO DO SUL, IQ,518
VILA ROBERTINA, PE,518
JARDIM MARQUESA, CL,516
TRÊS CRUZES,JT,516
VILA CONGONHAS, SA,515
VILA RICA, CL,515
BOSQUE DA SAÃšDE, IP,514
JARDIM JARAGUA ITAIM PAULISTA, MP,514
JARDIM PERI NOVO,FB,514
VILA JUREMA, MP,514
JARDIM SUL SAO PAULO, SA,513
JARDIM SUL SÃƒO PAULO, SA,513
VILA ORATÃ“RIO, PE,513
INDIANÃ“POLIS, IP,512
JARDIM SANTO ALBERTO, JT,511
VILA INAH, BT,511
JARDIM BANDEIRANTE SAO RAFAEL, SM,508
VILA SAO PAULO,SA,506
VILA CARMOSINA, IQ,505
VILA FRIBURGO, CS,505
SÃTIO ITABERABA I, PJ,502
EMBURA, CS,501
JARDIM SANTA CRUZ (ZONA NORTE), FB,501
JARDIM DAS CAMELIAS, CS,500
PARQUE SANTA CECÍLIA,CS,500
VILA GEA,SA,496
JARDIM MARAJOARA,SA,494
COHAB PADRE JOSE DE ANCHIETA, PE,492
CONJ JOSE BONIFACIO, IQ,491
JARDIM SANTA CRUZ,FO,490
JARDIM MARIA DUARTE, CL,487
JARDIM SAO FRANCISCO ZONA LESTE, PE,487
JARDIM AURORA ZONA LESTE, IQ,486
VILA ITABERABA,FB,486
VILA PRADO,FB,486
JARDIM CENTENÃRIO, FB,484
JARDIM ELIANA, CS,484
JARDIM COIMBRA, CL,481
JARDIM LIDERANÇA,IQ,480
JARDIM BONITO, CS,479
JARDIM VISTA LINDA,CL,479
JARDIM FELICIDADE (ZONA OESTE),PJ,478
JARDIM SANTA BÃBARA, SM,478
CHÃCARA CRUZEIRO DO SUL, PE,476
JARDIM VILA CARRAO, SM,476
VILA SULINA,PJ,476
SICILIANO, PJ,474
VILA PIAUI, PJ,474
JARDIM SELMA, SA,472
PARQUE DAS CEREJEIRAS, CL,471
JARDIM TUA, MP,470
PARQUE COLONIAL, CS,470
AGUA BRANCA, PJ,469
JARDIM MELIUNAS, MP,467
VILA PRUDENTE,PE,465
ALTO DA RIVIERA, CL,464
JARDIM ANTARTICA,FO,464
JARDIM HELIAN, IQ,464
JARDIM MARIA AMÃLIA, CS,464
JARDIM SAO BENTO NOVO,CL,462
VILA ITABERABA,FO,462
VILA POLOPOLI, BT,462
JARDIM DAS ESMERALDAS, BT,461
JARDIM ANGELA, CL,460
VILA NOVA MAZZEI, JT,460
VILA DANUBIO AZUL, MP,459
JARDIM AMPLIACAO, CL,458
JARDIM SERTÃƒOZINHO, CS,457
CONJUNTO JOSÉ BONIFÁCIO,IQ,456
JARDIM SAO VICENTE, MP,455
VILA BANCÁRIA MUNHOZ,FB,454
VILA MINERVA, G,452
JARDIM LUCIA, BT,450
VILA DOM PEDRO I, IP,449
JARDIM CASTRO ALVES, CS,448
VILA FIDALGO, JT,448
JARDIM BELA VISTA ZONA SUL, CS,447
JARDIM IVANA, BT,446
PARADA XV DE NOVEMBRO, G,446
VILA PAULISTANIA, PE,446
JARDIM TRUSSARDI, BT,445
VILA GUMERCINDO, IP,444
VILA NOVA GALVÃƒO, JT,444
CONJUNTO HABITACIONAL SANTA ETELVINA II,SM,443
JARDIM PAULISTANO (ZONA NORTE), FB,443
VILA MARCELO, CS,443
VILA AMALIA ZONA NORTE, FB,442
VILA DAMACENO,CL,442
JARDIM GUARAPIRANGA,CS,440
JARDIM IDEAL, CS,438
VILA ESPANHOLA,FB,432
JARDIM SÃƒO PAULO(ZONA LESTE), G,429
JARDIM PAULISTANO ZONA NORTE, PJ,427
JARDIM EVA, MP,426
JARDIM SAO JOAO SAO RAFAEL, SM,425
CIDADE MAE DO CEU, PE,424
VILA ROSEIRA II, G,424
CHÁCARA GAIVOTAS,CS,423
PARQUE TIETÃŠ, FB,423
JARDIM MORUMBI,CL,422
MIRANDÃ“POLIS, IP,422
VILA PROGRESSO ZONA NORTE,FB,422
BORORE, CS,421
JARDIM CAROLINA, MP,421
JARDIM COLOMBO, BT,421
TREMEMBÃ‰, JT,418
VILA INDUSTRIAL, IP,418
VILA ARICANDUVA, PE,417
PARQUE NOVO GRAJAÃš, CS,416
CHACARA SANTO ANTONIO, IQ,414
FREGUESIA DO O, FB,414
JARDIM SANTA TERESINHA, CS,414
VILA CAROLINA, FB,414
JARDIM ESTRELA DALVA, JT,413
PARQUE SANTA BÃRBARA, CL,412
JARDIM DAS ROSAS IGUATEMI, SM,410
JARDIM NOVA TEREZA,MP,410
ACLIMAÃ‡ÃƒO, IP,408
VILA BABY,SA,408
JARDIM ALMANARA, FB,407
JARDIM CRISTAL, CS,407
VILA LONDRINA, PE,407
JARDIM LIMOEIRO, SM,406
PARQUE ALTO DO RIO BONITO, CS,406
PARQUE GUAIANASES, G,405
VILA JARAGUÃ, PJ,405
JARDIM DAS CAMÃ‰LIAS, MP,404
CARANDIRU, JT,403
JARDIM ITAPEMA, IQ,403
JARDIM MONTE VERDE, CS,401
CONJ HABIT JUSCELINO KUBITSCHEK, G,397
JARDIM COLONIAL, CS,397
JARDIM PEDREIRA, SA,397
CONJUNTO RESIDENCIAL VISTA VERDE, PJ,396
JARDIM RIZZO, BT,396
NÚCLEO DO ENGORDADOR,JT,396
JARDIM NOVA VITÃ“RIA I, SM,395
JARDIM PEREIRA LEITE, FB,394
CHÁCARA NOSSA SENHORA APARECIDA,FB,392
VILA NOVA CONCEICAO,IP,392
VILA VITÃ“RIO MAZZEI, JT,391
INSTITUTO DE PREVIDÃŠNCIA, BT,388
VILA CAJU, PE,388
PARQUE GUARANI, MP,385
VALO VELHO, CL,385
VILA CONCEICAO, MP,385
VILA CONCEIÇÃO,MP,385
VILA NORMA, MP,385
JARDIM ALFREDO, CL,384
JARDIM NAIR, MP,384
JARDIM ARIZE, IQ,383
VILA REGENTE FEIJÃ“, PE,383
CONJUNTO PROMORAR VILA MARIA III, JT,382
JARDIM DO CAMPO, G,379
JARDIM IPÃŠ, CL,379
JARDIM SAO RAFAEL, CS,379
JARDIM MONTE AZUL, CL,377
ENGENHEIRO MARSILAC, CS,375
JARDIM TRÊS CORAÇÕES,CS,375
IMIRIM, JT,373
CIDADE NOVA AMÃ‰RICA, CS,371
JARDIM HELOISA, MP,371
JD SAO SAVERIO, IP,371
VILA BASILEIA, JT,370
VILA REGINA  ZONA LESTE, IQ,369
JARDIM IPANEMA ZONA SUL, CS,368
JD ROBRU, MP,368
SANTA TERESINHA,JT,368
VILA ALBANO, BT,368
FURNAS, JT,366
JARDIM OLYMPIA, BT,365
CHACARA SAO JOAO, PJ,364
NOSSA SENHORA DO Ó,FB,364
SÃTIO DO MORRO, FB,363
JARDIM DONÃRIA, PJ,361
JARDIM MARILIA, IQ,361
HELIOPOLIS,IP,360
JARDIM SANTA EDWIGES,CL,360
SÃO JUDAS,IP,360
VILA HORTÃŠNCIA, G,360
JARDIM SANTO ANTONIO, MP,359
JARDIM SAO MARTINHO, MP,359
VILA HERMÃNIA, FB,359
VILA REGINA,FO,359
HIGIENOPOLIS, IP,358
JARDIM PAULISTA, IP,358
JARDIM PRIMAVERA, FB,358
Jardim Indaiá,MP,358
CONJ HABIT VILA NOVA CACHOEIRINHA, FB,356
JARDIM GIANETTI, G,356
VILA IOLANDALAJEADO, G,356
VILA NOVA GALVAO, JT,356
JARDIM ELLUS, CS,353
JARDIM ELZA, MP,353
VILA GUARANIZONA SUL, SA,353
JARDIM VALPARAISO,JT,352
FAZENDA MORUMBI, BT,351
JARDIM LISBOA, PE,351
JARDIM VERGUEIRO SACOMA, IP,351
PARAISÃ“POLIS, BT,351
RECANTO MARISA, CS,350
UNIÃƒO DE VILA NOVA, MP,350
MORADA DO SOL, PJ,349
VILA PITA, FB,349
JARDIM NAMBA,BT,348
VILA LAGEADO, BT,348
VILA PROGREDIOR, BT,348
CHÃCARA SÃƒO SILVESTRE, CS,347
JARDIM DIONISIO, CL,347
VILA JOÃƒO BATISTA, FB,347
VILA MIRIAM, PJ,347
JARDIM CENTENÃRIO, G,346
JARDIM DO ALTO, CS,346
JARDIM FRANCISCO MENDES, JT,346
JARDIM SÃO GONÇALO,SM,346
SE, IP,346
TATUAPE,PE,346
BURGO PAULISTA, PE,345
BARRO BRANCO, G,343
VILA BUTANTÃƒ, BT,343
CERQUEIRA CESAR,BT,342
LIMOEIRO, IQ,342
VILA CHUCA, IQ,342
VILA DOS REMEDIOS, PJ,342
JARDIM DAS VERTENTES, BT,341
JARDIM PRESIDENTE,CS,341
JD IPANEMA, PJ,341
PARQUE IMPERIAL, IP,341
VILA BUARQUE, IP,341
VILA CENTENÃRIO, PE,341
VILA REMO, CL,340
PARAISOPOLIS, BT,339
CONJ HAB SITIO CONCEICAO, G,338
ALTO DA MOOCA,PE,337
VILA MARIETA, PE,337
SÃTIO CARAGUATA, IP,336
CUPECÃŠ, SA,335
JARDIM PERI, JT,335
JD SILVEIRA, CS,335
JARDIM HERCULANO, CL,334
JARDIM DOS MANACÃS, CS,331
Vila Itaim,MP,331
PRAIA PAULISTINHA,CS,330
VILA AGUA FUNDA, IP,330
JARDIM JARAGUÃ (ITAIM PAULISTA), MP,329
JARDIM NELIA IV, MP,329
PARQUE INDUSTRIAL,MP,329
Parque Industrial,MP,329
VILA POMPÃ‰IA, PJ,329
JARDIM SAO BENEDITO, CS,328
JARDIM VERGUEIRO, IP,328
JARDIM DAS LARANJEIRAS, SM,327
JARDIM PALMARES (ZONA SUL),SA,327
JARDIM PALMARES ZONA SUL, SA,327
PARAÃSO, IP,327
ALTOS DE VILA PRUDENTE, SM,326
JARDIM JACANA, JT,326
JARDIM OLINDA, CL,326
VILA BAUAB, PE,326
JARDIM NOVO HORIZONTE, CS,325
PARQUE FONGARO, IP,325
JARDIM ANGELINA, CS,324
JARDIM DOS LAGOS,CS,324
VILA EMA, SM,324
VILA CALIFORNIA, CS,323
VILA RENATO ZONA NORTE, PJ,323
CHACARA TATUAPE, PE,322
JARDIM PRUDENCIA, SA,322
JARDIM SAO PAULO, G,320
PARQUE VITÃ“RIA, JT,320
JARDIM SAO JOAO GUAIANAZES, G,319
CONJ HABIT BRIGADEIRO FARIA LIMA, CS,318
JARDIM MARIA RITA, CS,317
JARDIM QUISISANA VILA NOVA CURUCA, MP,316
SUMAREZINHO, BT,316
JARDIM BOM PASTOR, CL,315
VILA BONILHA, PJ,315
CIDADE A E CARVALHO, PE,314
PARQUE SAVOI CITY, IQ,314
VILA SAO JOSE,CS,314
JARDIM FRATERNIDADE, CL,313
JARDIM VERÃ”NIA, PE,313
PQ BRISTOL, IP,313
JARDIM PAULISTANO, FB,311
JARDIM SAO JOSE, CS,311
VILA CARBONE,FB,311
CONJ RESID ELISIO TEIXEIRA LEITE, PJ,310
LAPA DE BAIXO, PJ,310
MARANHÃƒO, PE,310
VILA ERNA, SA,310
CUPECE, SA,309
JARDIM RECORD, IQ,309
PEDREIRA, SA,309
VILA ANTONIO, BT,309
VILA PROGRESSO ZONA SUL, CS,309
JARDIM LEME, CL,308
JARDIM ORLY,SA,308
JARDIM VISTA LINDA, PJ,308
VILA SÃƒO FRANCISCO, PE,307
JARDIM MIRANTE, CL,306
PARQUE GRAJAÃš, CS,304
VILA AIMORE, MP,304
VILA PATRIMONIAL, SA,304
MIRANDOPOLIS, IP,303
MOÃ“CA, PE,303
MORRO DOCE, PJ,302
PARQUE DOM JOAO NERI, MP,302
JARDIM RUTH, MP,300
VILA NOVA PERUS, PJ,300
CIDADE CENTENARIO, SM,299
JARDIM MARILIZA, FB,299
VILA EUTHALIA, PE,298
JARDIM THOMAZ, CL,297
BALNEÃRIO SÃƒO FRANCISCO, SA,296
JARDIM AVELINO, IP,296
JARDIM DA LARANJEIRA (ZONA LESTE), SM,296
JARDIM SABARÃ, SA,296
VILA SANTANA, PE,296
CHACARA MAFALDA, PE,295
PARQUE SÃƒO MIGUEL, CS,295
VILA AMALIA ZONA LESTE, PE,295
GUAIAUNA, PE,294
JARDIM TANGO,IQ,294
VILA SANTA INÃŠS, MP,294
VILA GRACIOSA, PE,293
FAZENDA DO CARMO, IQ,291
JARDIM ANHANGUERA, SA,291
JARDIM ROSSIN, FB,291
SAO MIGUEL,MP,290
JARDIM LIDERANCA, IQ,287
JARDIM ROSANA, CL,285
JARDIM SÃƒO JOÃƒO, CL,285
JARDIM Ã‚NGELA (ZONA LESTE), SM,285
PARQUE SANTA AMELIA, MP,285
CHACARA FLORIDA,CL,284
JARDIM COLORADO, SM,284
JARDIM MORAIS PRADO,CS,284
MOOCA, IP,284
JARDIM ALTO ALEGRE SAO RAFAEL, SM,283
JARDIM SÃƒO CRISTÃ“VÃƒO, SM,282
JD. INGA,CL,282
BALNEÃRIO SÃƒO JOSÃ‰, CS,280
JARDIM NOVE DE JULH,SM,280
LUZ,PE,280
VILA SOCORRO, CS,280
CONJUNTO HABITACIONAL MARECHAL MASCARENH,SM,278
JARDIM VITÃ“RIA, G,278
JARDIM GILDA MARIA, BT,276
VILA PIRACICABA, MP,276
VILA SANTO ESTEVÃO,PE,275
JARDIM DAS LARANJEIRAS, FB,274
JARDIM IPANEMA,CS,274
JARDIM PARIS,CL,274
JARDIM SAO PAULOZONA NORTE, JT,274
VILA 1 DE OUTUBRO,G,274
VILA RICA, IQ,273
JARDIM ALVORADA, BT,272
JARDIM CAGUASSU, IQ,272
FAZENDA CAGUACU, IQ,271
JARDIM ÃRIS, PJ,271
VILA SERRALHEIRO, FB,271
CIDADE NITRO OPERARIA,FB,270
JARDIM AUGUSTA, G,270
JARDIM BÉLGICA,SA,270
JARDIM PETRÓPOLIS,SA,270
VILA CAMPO GRANDE, SA,270
CHÃCARA FLÃ“RIDA, CL,269
SÃ‰, IP,269
CONJUNTO RESIDENCIAL JARDIM CANAÃƒ, SA,268
JARDIM LUCELI,CS,268
JARDIM SAO CARLOS, G,268
CAPÃƒO DO EMBIRA, IQ,267
PARQUE SAO JORGE, PE,267
JARDIM LEONOR, BT,266
PARAÍSO,CL,266
VILA BERTIOGA, PE,266
VILA SAO JOSE,IP,266
INDIANOPOLIS,CS,264
JARDIM BOA VISTA,CS,264
JARDIM BRASIL (ZONA SUL),SA,264
JARDIM STO ANDRE, SM,264
VILA REGENTE FEIJO,PE,264
JARDIM SANTA EDWIGES CAPELA DO SOCORRO, CL,263
JARDIM ITAPEMIRIM, IQ,262
JARDIM SAO BERNARDO, CS,262
VILA ISOLINA,JT,262
JARDIM MORAES PRADO, CS,261
JARDINS RECANTO DAS ROSAS, G,261
CANINDÃ‰, PE,260
CONJUNTO HABITACIONAL VILA NOVA CACHOEIR,FB,260
NOVA PIRAJU,SA,260
CAMPOS ELISEOS, IP,259
JARDIM MONTE ALEGRE, PJ,259
VILA ALABAMA, MP,259
VILA FÃTIMA, SM,259
VILA NOVA YORK, IQ,259
ALTO DA LAPA,BT,258
JARDIM DOMITILA,SA,258
JARDIM VERA CRUZ,CL,258
JARDIM VERA CRUZ(ZONA LESTE), SM,258
VILA IPOJUCA, PJ,258
JARDIM CRISTÃLIA, CL,257
JARDIM PERI NOVO, FB,257
JARDIM PANORAMA D OESTE, BT,256
VILA ODETE, G,256
JARDIM IVA, SM,255
VILA ITABERABA, FB,255
ÃGUA BRANCA, PJ,255
CIDADE NITRO OPERARIA, MP,254
JARDIM INDAIÃ, MP,254
JARDIM CAMBARA, BT,253
JARDIM LOURDES,MP,252
VILA CONSTÃ‚NCIA, PE,252
COLONIA, CS,251
JARDIM AVENIDA, CL,251
JARDIM PÃ‰ROLA III, G,249
JARDIM PONTE RASA, PE,248
JARDIM CABUCU, JT,247
JARDIM FILHOS DA TERRA, JT,246
JARDIM MARTINI,CS,246
JARDIM SANTA MONICA, PJ,246
JARDIM SANTA TERESINHA, G,246
PARQUE SONIA, CL,246
PRAIA DO LEBLON, SA,246
CHACARA SANTO ANTONIO ZONA SUL, CL,245
CONJUNTO HABITACIONAL BRIGADEIRO EDUARDO, PJ,245
JARDIM DAS IMBUIAS, CS,245
VILA HELIOPOLIS,IP,244
CONJUNTO HABITACIONAL BARREIRA GRANDE, IQ,243
JARDIM DAS PALMAS, CL,243
JARDIM DAS PALMAS,BT,243
VILA AMÃLIA (ZONA NORTE), FB,243
VILA CRUZEIRO, IQ,243
VILA PRADO, FB,243
JARDIM DO COLÃ‰GIO, CL,242
JARDIM GUARANI,PJ,242
VILA ARCO ÍRIS,CS,242
JARDIM ALVINA, PJ,241
JARDIM MARABÃ, IQ,241
18,PJ,240
ESTÃ‚NCIA JARAGUÃ, PJ,240
PARQUE REBOUCAS, CL,240
VILA LUCIA, IP,240
VILA YOLANDA II,G,240
JARDIM FELICIDADE (ZONA OESTE), PJ,239
JARDIM INDEPENDÃŠNCIA, IP,239
SACOMA, IP,239
VILA FRANCOS,FB,239
JARDIM ROSA MARIA, CL,238
JARDIM DAS CARMELITAS, IQ,236
BROOKLIN PAULISTA, BT,235
JARDIM NOVO CARRÃƒO, IQ,235
VILA UNIVERSITARIA, BT,235
CIDADE NITRO QUÃMICA, MP,234
CONJ HAB BARRO BRANCO II, G,234
JARDIM MÃLIA II, CS,234
VILA IVONE, IP,233
COLONIA,JT,232
JARDIM JAU,PE,232
JARDIM SÃƒO MANOEL, CL,232
JARDIM TANCREDO,CL,232
JARDIM BRASÃLIA, CL,231
JARDIM GUACURI, SA,231
JARDIM SANTO ELIAS SAO MIGUEL, MP,230
CIDADE JULIA,SA,228
VILA BANCÃRIA MUNHOZ, FB,227
ALTO DO PARI,PE,225
TREMEMBE,JT,224
VILA PROGRESSO,FO,224
JARDIM BRASÃLIA (ZONA LESTE), IQ,222
MIAMI PAULISTA, CL,222
JARDIM SÃƒO JORGE, SA,221
VILA SANTA TERESAZONA SUL, IP,221
BUTANTA, BT,220
JARDIM JUSSARA, BT,220
JARDIM MONTE KEMEL, BT,220
SANTA AMELIA,SA,220
SUMARÃ‰, PJ,220
BALNEARIO MAR PAULISTA, SA,219
JARDIM PALANQUE,G,218
JARDIM SANTA FRANCISCA CABRINI,CS,216
PARQUE DAS NACOES,PJ,216
JARDIM GUARAPIRANGA,CL,214
VILA NOSSA SENHORA APAREC,MP,214
JARDIM SÃƒO JORGE (RAPOSO TAVARES), BT,213
CHÃCARA TRÃŠS MENINAS, MP,212
CIDADE NITRO OPERÃRIA, MP,212
JARDIM SAO CARLOS,SA,212
PQUE FERNANDA,CL,212
SITIO DO MORRO,FO,212
VILA PROGRESSO ZONA NORTE, FB,211
JARDIM ARACATI, CL,210
JARDIM SAO NICOLAU,PE,210
JARDIM MAGGI, PJ,209
JARDIM REGINA, PJ,209
CASA GRANDE,CS,208
VILA PAULO SILAS, IP,208
VILA ROMERO, JT,208
VILA DIVINA PASTORA, IP,207
ALTO DE PINHEIROS, BT,205
INDIANOPOLIS, IP,205
JARDIM MARISTELA, PJ,205
PARQUE GUAIANAZES, MP,205
VILA SILVA TELES, MP,205
JARDIM BANDEIRANTES,PJ,204
JARDIM SAO JORGE, SA,204
JARDIM SAO JOSE SAO MATEUS, SM,204
JARDIM SAO NORBERTO,CS,204
JARDIM CASA PINTADA, MP,203
SAO MATEUS, SM,202
VILA NOVA CACHOEIRINHA, JT,202
JARDIM RECANTO VERDE, JT,201
VILA TIRADENTES, BT,201
CASTRO ALVES,G,200
CIDADE ANTONIO ESTEVAO DE CARVALHO,IQ,200
JARDIM RODRIGO, PJ,200
JARDIM HUMAITÃ, PJ,199
JARDIM DAS ROSAS,CL,198
JARDIM SANTO ANTÃ”NIO, PE,198
CHÃCARA NOSSA SENHORA APARECIDA, FB,196
JARDIM MORUMBI, BT,196
ELDORADO, SA,195
VILA PARANAGUA,PE,195
VILA RENATO (ZONA NORTE), PJ,195
JARDIM LÃDIA, CL,194
JARDIM MACEDONIA,CL,194
JARDIM ROSA MARIA, BT,193
JARDIM SANDRA MARIA,IQ,192
PARQUE DAS ÁRVORES,CS,192
VILA SANTO ESTEFANO,IP,192
JARDIM MARIA LÃDIA, SM,190
PARQUE BOA ESPERANÃ‡A, SM,190
RECANTO SANTO ANTÃ”NIO, CL,190
VILA AYMORE,MP,190
BALNEARIO SAO JOSE,CS,188
JARDIM DOM BOSCO, SA,187
JARDIM PANORAMA,BT,186
VILA MARTE, IP,185
VILA UNIVERSITÃRIA, BT,185
CHACARA NANI,CL,184
Cidade Tiradentes,G,184
JARDIM FELICIDADE,JT,184
JARDIM PORTAL I E II, JT,183
JARDIM CRISTALIA,CL,182
NOSSA SENHORA DO Ã“, FB,182
BROOKLIN PAULISTA, SA,180
CHÁCARA BELENZINHO,IP,180
JARDIM NOVO MORUMBI,CL,180
JARDIM SANTA EMILIA, IP,180
JARDIM VISTA ALEGRE,CS,179
VILA NOVA CAROLINA,JT,178
VILA REGENTE FEIJO,SM,178
CHÃCARA CALIFÃ“RNIA, IQ,177
JARDIM PAQUETA ZONA NORTE, PJ,177
VILA CAPELA, SA,177
JARDIM BORBA GATO,CS,176
JARDIM SÃƒO JOÃƒO, JT,176
MASCARENHAS DE MO,SM,176
SITIO MORRO GRANDE,FO,176
VILA POMPEIA,PJ,176
CONJ. PRO-MORAR,SM,174
CONJUNTO JUSCELINO,G,174
FAVELA VILA NOVA JAGUARE,PJ,174
JARDIM GUAPIRA, JT,171
BELA ALIANCA,PJ,170
JARDIM THEALIA,IP,170
CHACARA MONTE ALEGRE,SA,169
JARDIM JUREMA, IQ,166
JARDIM BRASIL ZONA SUL,SA,165
JARDIM SANTO ANTÔNIO,BT,165
VILA SOCORRO, CL,164
VILA SAO FRANCISCO, PE,163
JARDIM CENTENARIO,BT,162
CIDADE CENTENÃRIO, SM,161
NOVA CONQUISTA, SM,161
PARQUE COLONIAL,SA,158
VILA MIRA, SA,155
JARDIM SAO LUIS,CL,154
RESIDENCIAL COCAIA, CS,154
VILA CURUCA,CS,154
VILA DOS MINÃ‰RIOS, IP,153
PARQUE ESPERANCA, PJ,152
VILA BELA,SM,152
CIDADE POPULAR, G,151
JARDIM SÃƒO FRANCISCO DE ASSIS, CL,151
PARQUE DO OTERO, CL,150
VILA IOLANDA(LAJEADO), G,150
JARDIM PAULISTA, BT,149
CIDADE SAO MIGUEL,MP,148
JARDIM APURA, SA,148
JARDIM DOS MANACAS, CS,147
JARDIM LAJEADO, MP,145
PARQUE AMAZONAS, CS,145
CHACARA SANTO ANTONIO ZONA SUL, SA,144
CHÁCARA MONTE ALEGRE,SA,144
VILA SANTO ANTONIO,CS,143
JARDIM DAS FONTES,CS,142
JARDIM SANTA FE,MP,142
VILA VERDE,PJ,142
CIDADE LUZ, CS,141
VILA SAO JOSE GUAIANAZES, G,141
BAIRRO INEXISTENTE,SM,140
VILA MIRANDA,SA,140
CONJUNTO RESIDENCIAL MORADA DO SOL, PJ,139
CIDADE AMERICA,CS,138
SUPER QUADRA MORUMBI, BT,138
JARDIM MARILIA,PJ,136
VILA FAZZEONI,SM,136
CIDADE NITRO OPERARIA, FB,135
JARDIM GUEDALA, PJ,135
JARDIM ANA MARIA,CL,134
JARDIM SAO GABRIEL,SM,134
COLONIA,IQ,132
JARDIM PROGRESSO,CS,132
VILA NOVA SAVOIA,PE,132
CONJUNTO HABITACIONAL VILA NOVA CACHOEIR, FB,130
VILA LIVIERO,SM,128
JARDIM JAPÃO,CL,127
SANTA AMÃ‰LIA, SA,127
SANTA AMÉLIA,SA,127
JARDIM JABAQUARA,SA,126
PARQUE SANTA CECÃLIA, CS,125
COHAB II,IQ,124
JARDIM PRIMAVERA (ZONA SUL),CS,124
PARADA QUINZE,IQ,122
VILA PIRITUBA, PJ,121
JARDIM ALVORADA ZONA SUL, CS,120
COND VARGEM GRANDE,CS,119
JARDIM SHANGRILA,CS,119
JARDIM VAZ DE LIMA,CL,118
BARRO BRANCO II,G,117
JARDIM LIDER, PJ,116
JARDIM NORMA, MP,116
VILA NOVA CONCEIÇÃO,IP,112
VILA DA SAUDE, IP,111
VILA BUTANTA, BT,108
JARDIM SANTA EFIGÊNIA,CL,107
VILA SÃO GERALDO,PE,104
VILA MONTE ALEGRE, IP,101
VILA HAMBURGUESA,PJ,99
JARDIM COPACABANA,CL,96
JARDIM SANTO ANTONIO,CL,94
VILA QUINTANA, CS,93
JARDIM CINCO DE JULHO,SM,90
VILA CAIÃšBA, PJ,89
VILA ZEFIRA, G,86
JARDIM VISTA ALEGRE,JT,84
JARDIM ZILDA, CS,82
CHÁCARA INGLESA,IP,80
RECANTO PARAÍSO,IP,80
VILA SOFIA, SA,79
JARDIM GUARAU,BT,76
JARDIM JUA, SA,76
JARDIM DAS ROSAS,IQ,70
VILA YOLANDA,G,69
BRAS,CS,66
VILA GEA, SA,62
FREGUESIA DO Ã“, FB,60
JARDIM ELIZABETH,CL,60
VILA ROSCHEL,CS,60
VILA CRUZEIRO, SA,56
VILA IDA,PJ,54
JARDIM UMUARAMA, SA,53
VILA MORSE, BT,53
ALTO DA BOA VISTA,SA,48
JARDIM SANTO AMARO,SA,48
SANTA TERESINHA, JT,46
JARDIM BÃ‰LGICA, SA,45
SÃƒO JUDAS, IP,45
VILA NOVA CONCEICAO, IP,40
JARDIM MARAJOARA, SA,38
JARDIM AMPLIAÇÃO,CL,36
JARDIM BRASIL ZONA SUL, SA,33
PRAIA PAULISTINHA, CS,33
JARDIM PRESIDENTE, CS,31
JARDIM PRIMAVERA ZONA SUL, CS,31
JARDIM PETRÃ“POLIS, SA,30
JARDIM ORLY, SA,28
ALTO DA MOOCA, PE,26
CHACARA SEIS DE OUTUBRO,PE,26
JARDIM DOS LAGOS, CS,26
LAPA, PJ,26
VILA SAO PAULO, SA,26
JARDIM MIMAR, SM,25
VILA SANTO ESTEVÃƒO, PE,25
CHÃCARA MONTE ALEGRE, SA,24
VILA PRUDENTE, PE,24
CONJUNTO HABITACIONAL MARECHAL MASCARENH, SM,23
VILA DAMACENO, CL,22
JARDIM JABAQUARA, SA,21
JARDIM DO LAGO,BT,20
NOVA PIRAJU, SA,20
VILA MARIZA MAZZEI,JT,20
CHÃCARA BELENZINHO, IP,18
JARDIM BEATRIZ (ZONA LESTE),MP,18
JARDIM SANTA FRANCISCA CABRINI, CS,18
PARQUE DAS ÃRVORES, CS,16
JARDIM PAINEIRAS,PJ,15
JARDIM SANTA CRUZ CAMPO GRANDE,SA,15
MOINHO VELHO,FO,15
JARDIM UNISERVE,JT,14
CHACARA MONTE ALEGRE, SA,13
VILA NOVA SAVOIA, PE,11
VILA SANTO ANTONIO, CS,11
MOEMA,IP,10
VILA HAMBURGUESA, PJ,9
ALTO DA BOA VISTA, SA,8
CHÃCARA INGLESA, IP,8
RECANTO PARAÃSO, IP,8
VILA CARBONE, FB,8
VILA SÃƒO GERALDO, PE,8
MOINHO VELHO,FB,6
AGUA RASA,PE,5
VILA SÃO PAULO,SA,5
VILA TOLSTOI,SM,5
CITY AMÉRICA,PJ,4
MOINHO VELHO, FB,3
VILA UBERABINHA,IP,3
CHACARA SEIS DE OUTUBRO, PE,2
CITY AMÃ‰RICA, PJ,1
MOEMA, IP,1
VILA TOLSTOI, SM,1
